name,brand,calories_per_100g,protein_per_100g,carbs_per_100g,fat_per_100g,fiber_per_100g,water_per_100g,portion_name,portion_grams,source,external_id
Pasta de trigo fresca,,288,11.2,54.8,2.4,0,0,,,SMAE 2014,SMAE2014:CEREALES_SIN_GRASA:313
Pasta fresca,,288,11.2,54.8,2.4,0,0,,,SMAE 2014,SMAE2014:CEREALES_SIN_GRASA:314
Pasta hojaldrada,,540,5.5,38,41,1.5,0,,,SMAE 2014,SMAE2014:CEREALES_CON_GRASA:152
Pasta integral cocida,,123.913,5.4348,26.7391,0.6522,4.5652,0,taza,138,SMAE 2014,SMAE2014:CEREALES_SIN_GRASA:315
Pasta integral cruda,,325,13.5,72.5,0.5,2,0,,,SMAE 2014,SMAE2014:CEREALES_SIN_GRASA:316
Pasta quebrada,,385.7143,3.9286,27.1429,29.2857,1.0714,0,,,SMAE 2014,SMAE2014:CEREALES_CON_GRASA:153
Pasta tornillo,,380,12.6667,73.3333,4,0,0,taza,45,SMAE 2014,SMAE2014:CEREALES_SIN_GRASA:317
Pastel de chocolate,,371.4286,5.3571,52.8571,15,1.4286,0,rebanada,28,SMAE 2014,SMAE2014:CEREALES_CON_GRASA:154
Pastel de frutas,,325,2.8571,61.7857,8.9286,3.5714,0,rebanada,28,SMAE 2014,SMAE2014:CEREALES_CON_GRASA:155
Pastel de pavo,,328.125,12.1875,1.875,30,0,0,rebanada,21.33,SMAE 2014,SMAE2014:A_O_A_ALTO_EN_GRASA:57
Pastel de piña,,317.8571,3.5714,50.3571,12.1429,0,0,rebanada,28,SMAE 2014,SMAE2014:CEREALES_CON_GRASA:156
Pastel de puerco,,328.125,12.1875,1.875,30,0,0,rebanada,21.33,SMAE 2014,SMAE2014:A_O_A_ALTO_EN_GRASA:59
Pastel de ternera,,265,10,7.25,21.75,0,0,,,SMAE 2014,SMAE2014:A_O_A_ALTO_EN_GRASA:60
Pastel de zanahoria con cubierta de queso crema,,400,3.9286,52.1429,20.3571,1.0714,0,rebanada,56,SMAE 2014,SMAE2014:CEREALES_CON_GRASA:157
"Pasteles, tartas y crepas con fruta",,308.3333,0,54.1667,8.3333,0,0,rebanada,60,SMAE 2014,SMAE2014:PLATILLOS_POSTRES:30
Pastelito con relleno cremoso y mermelada,,392,4.4,59.2,15.6,2.8,0,pieza,50,SMAE 2014,SMAE2014:CEREALES_CON_GRASA:158
Pastelito de chocolate con relleno cremoso,,363.3333,4.3333,62.3333,10.6667,2,0,pieza,30,SMAE 2014,SMAE2014:CEREALES_CON_GRASA:159
Pastitas de mantequilla,,560,5.3333,64,31.3333,0,0,pieza,7.5,SMAE 2014,SMAE2014:CEREALES_CON_GRASA:160
Pastrami de pavo,,140.4762,18.3333,1.6667,6.1905,0,0,rebanada,21,SMAE 2014,SMAE2014:A_O_A_BAJO_EN_GRASA:96
Pata de carnera cocida,,108.5714,21.1429,0,21.1429,0,0,,,SMAE 2014,SMAE2014:A_O_A_ALTO_EN_GRASA:61
Pata de cerdo cocidas,,139.2157,11.5686,0,10,0,0,,,SMAE 2014,SMAE2014:A_O_A_MODERADOS_EN_GRASA:40
Pata de res,,80,12.1818,0,2.9091,0,0,,,SMAE 2014,SMAE2014:A_O_A_MUY_BAJOS_EN_GRASA:168
Patas de cerdo en escabeche,,139.2157,11.5686,0,10,0,0,,,SMAE 2014,SMAE2014:A_O_A_MODERADOS_EN_GRASA:41
Paté,,313.6364,14.0909,1.3636,27.7273,0,0,cucharadita,4.4,SMAE 2014,SMAE2014:ACEITES_Y_GRASAS_CON_PROTEINAS:176
Paté,,313.6364,14.0909,1.3636,27.7273,0,0,cucharadita,4.4,SMAE 2014,SMAE2014:ACEITES_Y_GRASAS_CON_PROTEINAS:73
Paté de cerdo,,469.2308,11.5385,4.6154,44.6154,0,0,cucharada,13,SMAE 2014,SMAE2014:ACEITES_Y_GRASAS_CON_PROTEINAS:177
Paté de cerdo,,469.2308,11.5385,4.6154,44.6154,0,0,cucharada,13,SMAE 2014,SMAE2014:ACEITES_Y_GRASAS_CON_PROTEINAS:74
Paté de Foie gras,,461.5385,11.5385,4.6154,43.8462,0,0,cucharada,13,SMAE 2014,SMAE2014:ACEITES_Y_GRASAS_CON_PROTEINAS:178
Paté de Foie gras,,461.5385,11.5385,4.6154,43.8462,0,0,cucharada,13,SMAE 2014,SMAE2014:ACEITES_Y_GRASAS_CON_PROTEINAS:75
Paté de ganso,,469.2308,11.5385,4.6154,44.6154,0,0,cucharada,13,SMAE 2014,SMAE2014:ACEITES_Y_GRASAS_CON_PROTEINAS:179
Paté de ganso,,469.2308,11.5385,4.6154,44.6154,0,0,cucharada,13,SMAE 2014,SMAE2014:ACEITES_Y_GRASAS_CON_PROTEINAS:76
Paté de higado de cerdo,,469.2308,11.5385,4.6154,44.6154,0,0,cucharada,13,SMAE 2014,SMAE2014:ACEITES_Y_GRASAS_CON_PROTEINAS:180
Paté de higado de cerdo,,469.2308,11.5385,4.6154,44.6154,0,0,cucharada,13,SMAE 2014,SMAE2014:ACEITES_Y_GRASAS_CON_PROTEINAS:77
Paté de hígado de ternera,,469.2308,11.5385,4.6154,44.6154,0,0,cucharada,13,SMAE 2014,SMAE2014:ACEITES_Y_GRASAS_CON_PROTEINAS:181
Paté de hígado de ternera,,469.2308,11.5385,4.6154,44.6154,0,0,cucharada,13,SMAE 2014,SMAE2014:ACEITES_Y_GRASAS_CON_PROTEINAS:78
Paté de pollo,,202.8571,13.4286,6.8571,13.1429,0,0,cucharadita,4.38,SMAE 2014,SMAE2014:ACEITES_Y_GRASAS_CON_PROTEINAS:182
Paté de pollo,,202.8571,13.4286,6.8571,13.1429,0,0,cucharadita,4.38,SMAE 2014,SMAE2014:ACEITES_Y_GRASAS_CON_PROTEINAS:79
Paté de ternera,,469.2308,11.5385,4.6154,44.6154,0,0,cucharada,13,SMAE 2014,SMAE2014:ACEITES_Y_GRASAS_CON_PROTEINAS:183
Paté de ternera,,469.2308,11.5385,4.6154,44.6154,0,0,cucharada,13,SMAE 2014,SMAE2014:ACEITES_Y_GRASAS_CON_PROTEINAS:80
Patel de pollo,,265,10,7.25,21.75,0,0,,,SMAE 2014,SMAE2014:A_O_A_ALTO_EN_GRASA:58
Patitas de cerdo encurtidas sin hueso,,139.2157,11.5686,0,10,0,0,,,SMAE 2014,SMAE2014:A_O_A_MODERADOS_EN_GRASA:42
Pato de crianza,,130.7692,18.2051,0,5.8974,0,0,,,SMAE 2014,SMAE2014:A_O_A_BAJO_EN_GRASA:97
Pavo,,158.3333,20.2778,0,7.7778,0,0,,,SMAE 2014,SMAE2014:A_O_A_BAJO_EN_GRASA:98
Pavo entero,,158.3333,20.2778,0,7.7778,0,0,,,SMAE 2014,SMAE2014:A_O_A_BAJO_EN_GRASA:99
Pay de calabaza,,242.2222,4,34.8889,9.7778,1.7778,0,rebanada,45,SMAE 2014,SMAE2014:CEREALES_CON_GRASA:161
Pay de chocolate,,303.3333,2.6667,33.6667,19.3333,2,0,rebanada,30,SMAE 2014,SMAE2014:CEREALES_CON_GRASA:162
Pay de limón con merengue,,268.5714,1.4286,47.1429,8.5714,1.1429,0,rebanada,35,SMAE 2014,SMAE2014:CEREALES_CON_GRASA:163
Pay de manzana,,237.5,2,34,11,1.5,0,rebanada,40,SMAE 2014,SMAE2014:CEREALES_CON_GRASA:164
Pay de nuez,,443.4783,6.5217,60.4348,19.5652,0.8696,0,pieza,69,SMAE 2014,SMAE2014:CEREALES_CON_GRASA:165
Pay de piña,,385.7143,3.5714,53.9286,17.5,0.3571,0,pieza,84,SMAE 2014,SMAE2014:CEREALES_CON_GRASA:166
Pay de queso,,320,5.4286,25.4286,22.5714,0,0,rebanada,35,SMAE 2014,SMAE2014:CEREALES_CON_GRASA:167
Pay helado de limón,,272.5,2.25,32.5,15.25,1.5,0,rebanada,40,SMAE 2014,SMAE2014:CEREALES_CON_GRASA:168
Pecho de res,,205.4054,17.2973,0,14.5946,0,0,,,SMAE 2014,SMAE2014:A_O_A_MODERADOS_EN_GRASA:43
Pechuda de pollo sin pile aplanada,,160,29,0,4,0,0,,,SMAE 2014,SMAE2014:A_O_A_MUY_BAJOS_EN_GRASA:172
Pechuga de pavo,,109.375,22.1875,0,1.5625,0,0,rebanada,21.33,SMAE 2014,SMAE2014:A_O_A_MUY_BAJOS_EN_GRASA:169
Pechuga de pavo ahumada,,94.1176,19.7059,1.4706,0.8824,0,0,rebanada,22.67,SMAE 2014,SMAE2014:A_O_A_MUY_BAJOS_EN_GRASA:170
Pechuga de pavo ahumada bajo en grasa,,78.5714,15,3.5714,0.4762,0,0,rebanada,21,SMAE 2014,SMAE2014:A_O_A_MUY_BAJOS_EN_GRASA:171
Pechuga de pollo ahumada,,78.5714,16.4286,2.619,0.2381,0,0,rebanada,21,SMAE 2014,SMAE2014:A_O_A_MUY_BAJOS_EN_GRASA:173
Pechuga de pollo con piel,,183.3333,20,0,11,0,0,,,SMAE 2014,SMAE2014:A_O_A_BAJO_EN_GRASA:100
Pechuga de pollo deshuesada sin piel cruda,,113.3333,23.3333,0,1.6667,0,0,,,SMAE 2014,SMAE2014:A_O_A_MUY_BAJOS_EN_GRASA:174
Pechuga de pollo sin piel,,114.8148,23.3333,0,1.4815,0,0,,,SMAE 2014,SMAE2014:A_O_A_MUY_BAJOS_EN_GRASA:175
Pechuga de pollo sin piel a la plancha,,160,29,0,4,0,0,,,SMAE 2014,SMAE2014:A_O_A_MUY_BAJOS_EN_GRASA:176
Pechuga de pollo sin piel asada,,160,29,0,4,0,0,,,SMAE 2014,SMAE2014:A_O_A_MUY_BAJOS_EN_GRASA:177
Pechuga de pollo sin piel cocida,,160,29,0,4,0,0,,,SMAE 2014,SMAE2014:A_O_A_MUY_BAJOS_EN_GRASA:178
Pechuga de pollo sin piel cruda,,114.7059,23.2353,0,1.7647,0,0,,,SMAE 2014,SMAE2014:A_O_A_MUY_BAJOS_EN_GRASA:179
Pechuga de pollo sin piel en brocheta cruda,,113.3333,23.3333,0,1.6667,0,0,,,SMAE 2014,SMAE2014:A_O_A_MUY_BAJOS_EN_GRASA:180
Pechuga de pollo sin piel en fajitas cruda,,113.3333,23.3333,0,1.6667,0,0,,,SMAE 2014,SMAE2014:A_O_A_MUY_BAJOS_EN_GRASA:181
Pechuga de pollo sin piel horneada rebanada,,97.619,19.5238,3.8095,0.7143,0,0,rebanada,21,SMAE 2014,SMAE2014:A_O_A_MUY_BAJOS_EN_GRASA:182
Pechuga de pollo sin piel molida cruda,,113.3333,23.3333,0,1.6667,0,0,,,SMAE 2014,SMAE2014:A_O_A_MUY_BAJOS_EN_GRASA:183
Pechuga sin piel deshebrada,,113.3333,23.3333,0,1.6667,0,0,,,SMAE 2014,SMAE2014:A_O_A_MUY_BAJOS_EN_GRASA:184
Pechuga sin piel desmenuzada,,113.3333,23.3333,0,1.6667,0,0,,,SMAE 2014,SMAE2014:A_O_A_MUY_BAJOS_EN_GRASA:185
Pechuga sin pile molida,,113.3333,23.3333,0,1.6667,0,0,,,SMAE 2014,SMAE2014:A_O_A_MUY_BAJOS_EN_GRASA:186
Peneques,,223.0769,5.7692,47.3077,1.5385,4.6154,0,pieza,13,SMAE 2014,SMAE2014:CEREALES_SIN_GRASA:319
Peperami,,542.1053,21.0526,5.2632,48.9474,0,0,pieza,25.33,SMAE 2014,SMAE2014:A_O_A_ALTO_EN_GRASA:62
Peperoni,,495,22.5,0,44,0,0,rebanada,2,SMAE 2014,SMAE2014:A_O_A_ALTO_EN_GRASA:63
Pepinillos crudos,,28.75,1.375,4.125,1.25,0,0,taza,240,SMAE 2014,SMAE2014:VERDURAS:123
Pepinillos dulces,,133.3333,0.6667,35.3333,0.6667,1.3333,0,cuchara,15,SMAE 2014,SMAE2014:VERDURAS:124
Pepino con cáscara rebanado,,15.3846,0.6731,3.6538,0.0962,0.4808,0,taza,104,SMAE 2014,SMAE2014:VERDURAS:125
Pepita limpia,,526.6667,33.3333,13.3333,42.6667,0,0,cucharada,10,SMAE 2014,SMAE2014:ACEITES_Y_GRASAS_CON_PROTEINAS:184
Pepita limpia,,526.6667,33.3333,13.3333,42.6667,0,0,cucharada,10,SMAE 2014,SMAE2014:ACEITES_Y_GRASAS_CON_PROTEINAS:81
Pepitas,,550,25,17.5,46.6667,0,0,pieza,0.2,SMAE 2014,SMAE2014:ACEITES_Y_GRASAS_CON_PROTEINAS:185
Pepitas,,550,25,17.5,46.6667,0,0,pieza,0.2,SMAE 2014,SMAE2014:ACEITES_Y_GRASAS_CON_PROTEINAS:82
Pepitas con cáscara,,538.4615,26.9231,10,43.0769,0,0,cucharada,6.5,SMAE 2014,SMAE2014:ACEITES_Y_GRASAS_CON_PROTEINAS:186
Pepitas con cáscara,,538.4615,26.9231,10,43.0769,0,0,cucharada,6.5,SMAE 2014,SMAE2014:ACEITES_Y_GRASAS_CON_PROTEINAS:83
Pepitas de calabaza,,550,30,14.1667,45.8333,0,0,cucharada,8,SMAE 2014,SMAE2014:ACEITES_Y_GRASAS_CON_PROTEINAS:187
Pepitas de calabaza,,550,30,14.1667,45.8333,0,0,cucharada,8,SMAE 2014,SMAE2014:ACEITES_Y_GRASAS_CON_PROTEINAS:84
Pepitas de melón,,550,27.5,15,46.6667,0,0,cucharadita,2.4,SMAE 2014,SMAE2014:ACEITES_Y_GRASAS_CON_PROTEINAS:188
Pepitas de melón,,550,27.5,15,46.6667,0,0,cucharadita,2.4,SMAE 2014,SMAE2014:ACEITES_Y_GRASAS_CON_PROTEINAS:85
Pepitas tostadas,,530.7692,33.0769,13.8462,42.3077,0,0,cucharada,13,SMAE 2014,SMAE2014:ACEITES_Y_GRASAS_CON_PROTEINAS:189
Pepitas tostadas,,530.7692,33.0769,13.8462,42.3077,0,0,cucharada,13,SMAE 2014,SMAE2014:ACEITES_Y_GRASAS_CON_PROTEINAS:86
Pepsi de dieta,,1.1268,0,0,0,0,0,lata,355,SMAE 2014,SMAE2014:ALIMENTOS_LIBRES_EN_ENERGIA:155
Pepsi Max,,1.1268,0,0,0,0,0,lata,355,SMAE 2014,SMAE2014:ALIMENTOS_LIBRES_EN_ENERGIA:156
Pera,,58.0247,0.3704,15.4321,0.1235,3.0864,0,pieza,162,SMAE 2014,SMAE2014:FRUTAS:149
Pera asiática,,41.8803,0.5128,10.5983,0.2564,3.5897,0,pieza,234,SMAE 2014,SMAE2014:FRUTAS:150
Pera bartlett,,58.4416,0.3896,15.5844,0.1299,3.1169,0,pieza,154,SMAE 2014,SMAE2014:FRUTAS:151
Pera d´anjou,,58.0247,0.3704,15.4321,0.1235,3.0864,0,pieza,162,SMAE 2014,SMAE2014:FRUTAS:152
Pera de agua,,58.1081,0.4054,15.4054,0.1351,3.1081,0,pieza,148,SMAE 2014,SMAE2014:FRUTAS:153
Pera de San Juan,,58.0952,0.381,15.5238,0.0952,3.1429,0,pieza,52.5,SMAE 2014,SMAE2014:FRUTAS:154
Pera deshidratada,,255.5556,1.6667,67.7778,0.5556,7.2222,0,orejon,18,SMAE 2014,SMAE2014:FRUTAS:155
Pera en almibar,,57.8947,0.3947,15.3947,0.1316,3.1579,0,pieza,152,SMAE 2014,SMAE2014:FRUTAS:156
Pera mantequilla,,58.5714,0.4286,15.4286,0.1429,3.1429,0,pieza,140,SMAE 2014,SMAE2014:FRUTAS:157
Pera picada,,42,0.5333,10.6667,0.2,3.6,0,taza,150,SMAE 2014,SMAE2014:FRUTAS:158
Pera piña,,57.5,0.375,15.5,0.125,3.125,0,pieza,160,SMAE 2014,SMAE2014:FRUTAS:159
Pera rebanada,,41.8367,0.5102,10.6122,0.2041,3.5714,0,taza,147,SMAE 2014,SMAE2014:FRUTAS:160
Pera roja,,58.0247,0.3704,15.4321,0.1235,3.0864,0,pieza,162,SMAE 2014,SMAE2014:FRUTAS:161
Pera roja rebanada,,57.5,0.375,15.5,0.125,3.125,0,taza,160,SMAE 2014,SMAE2014:FRUTAS:162
Perca cocida,,116.6667,24.6667,0,1.3333,0,0,,,SMAE 2014,SMAE2014:A_O_A_MUY_BAJOS_EN_GRASA:187
Perca cruda,,92.1053,19.4737,0,1.0526,0,0,,,SMAE 2014,SMAE2014:A_O_A_MUY_BAJOS_EN_GRASA:188
Perca fileteada,,89.4737,19.4737,0,1.0526,0,0,,,SMAE 2014,SMAE2014:A_O_A_MUY_BAJOS_EN_GRASA:189
Perejil crudo picado,,36.6667,3,6.3333,0.8333,3.3333,0,taza,60,SMAE 2014,SMAE2014:VERDURAS:126
Perejil deshidratado,,300,20,50,0,0,0,cucharada,3,SMAE 2014,SMAE2014:ALIMENTOS_LIBRES_EN_ENERGIA:157
Perón,,61.9048,0.381,15.9048,0.381,2.0952,0,pieza,105,SMAE 2014,SMAE2014:FRUTAS:163
Perón picado,,62.4,0.4,15.92,0.4,2.08,0,taza,125,SMAE 2014,SMAE2014:FRUTAS:164
Pérsimo,,128,0.8,33.6,0.4,0,0,pieza,25,SMAE 2014,SMAE2014:FRUTAS:165
Pérsimo japonés,,70.2381,0.5952,18.5714,0.2381,3.5714,0,pieza,168,SMAE 2014,SMAE2014:FRUTAS:166
Pescado a la veracruzana,,247.5,0,6,15,0,0,taza,133.33,SMAE 2014,SMAE2014:PLATILLOS_PLATOS_FUERTES:26
Pescado blanco,,133.3333,18.9744,0,5.8974,0,0,,,SMAE 2014,SMAE2014:A_O_A_BAJO_EN_GRASA:101
Pescado blanco ahumado,,109.375,23.4375,0,0.9375,0,0,,,SMAE 2014,SMAE2014:A_O_A_MUY_BAJOS_EN_GRASA:190
Pescado blanco cocido,,173.3333,24.3333,0,7.6667,0,0,,,SMAE 2014,SMAE2014:A_O_A_BAJO_EN_GRASA:102
Pescado blanco fileteado,,134.2857,19.1429,0,6,0,0,,,SMAE 2014,SMAE2014:A_O_A_BAJO_EN_GRASA:103
Pescado empapelado,,247.5,0,0,17.5,0,0,pieza,100,SMAE 2014,SMAE2014:PLATILLOS_PLATOS_FUERTES:7
Pescado en trozo,,89.7436,18.7179,0,1.2821,0,0,,,SMAE 2014,SMAE2014:A_O_A_MUY_BAJOS_EN_GRASA:191
Pescado entero,,89.7436,18.7179,0,1.2821,0,0,,,SMAE 2014,SMAE2014:A_O_A_MUY_BAJOS_EN_GRASA:192
Pescado fileteado,,90,18.75,0,1.25,0,0,,,SMAE 2014,SMAE2014:A_O_A_MUY_BAJOS_EN_GRASA:193
Pescado rebenado,,89.7436,18.7179,0,1.2821,0,0,,,SMAE 2014,SMAE2014:A_O_A_MUY_BAJOS_EN_GRASA:194
Pescado seco tipo bacalao,,283.3333,61.6667,0,2.5,0,0,,,SMAE 2014,SMAE2014:A_O_A_MUY_BAJOS_EN_GRASA:195
Pescuezo de pollo con piel sin hueso,,296.875,14.0625,0,26.25,0,0,pieza,32,SMAE 2014,SMAE2014:A_O_A_ALTO_EN_GRASA:64
Pescuezo de pollo sin piel,,152.6316,17.3684,0,8.6842,0,0,pieza,0.3,SMAE 2014,SMAE2014:A_O_A_BAJO_EN_GRASA:104
Pescuezo de res,,151.5152,20.303,0,7.2727,0,0,,,SMAE 2014,SMAE2014:A_O_A_BAJO_EN_GRASA:105
Pez espada cocido,,153.5714,25.3571,0,5,0,0,,,SMAE 2014,SMAE2014:A_O_A_MUY_BAJOS_EN_GRASA:196
Pez espada crudo,,119.4444,19.7222,0,3.8889,0,0,,,SMAE 2014,SMAE2014:A_O_A_MUY_BAJOS_EN_GRASA:197
Pez espada crudo fileteado,,122.2222,19.7222,0,3.8889,0,0,,,SMAE 2014,SMAE2014:A_O_A_MUY_BAJOS_EN_GRASA:198
Pez espada crudo rebanado,,119.4444,19.7222,0,3.8889,0,0,,,SMAE 2014,SMAE2014:A_O_A_MUY_BAJOS_EN_GRASA:199
Picadillo,,247.5,0,6,15,0,0,taza,133.33,SMAE 2014,SMAE2014:PLATILLOS_PLATOS_FUERTES:27
Pierna de carnero,,135,19,0,6,0,0,,,SMAE 2014,SMAE2014:A_O_A_BAJO_EN_GRASA:106
Pierna de cerdo,,140,19.75,0,6.25,0,0,,,SMAE 2014,SMAE2014:A_O_A_BAJO_EN_GRASA:107
Pierna de cerdo,,140,19.75,0,6.25,0,0,,,SMAE 2014,SMAE2014:A_O_A_BAJO_EN_GRASA:111
Pierna de cordero,,188.4615,27.6923,0,7.6923,0,0,,,SMAE 2014,SMAE2014:A_O_A_BAJO_EN_GRASA:108
Pierna de pollo cin piel cocida,,180.7692,25.7692,0,8.0769,0,0,pieza,104,SMAE 2014,SMAE2014:A_O_A_BAJO_EN_GRASA:109
Pierna de pollo cin piel cruda,,120.9302,20.2326,0,3.7209,0,0,pieza,129,SMAE 2014,SMAE2014:A_O_A_BAJO_EN_GRASA:110
Pierna de pollo con piel cocida,,219.4444,24.1667,0,12.7778,0,0,pieza,108,SMAE 2014,SMAE2014:A_O_A_MODERADOS_EN_GRASA:44
Pierna y mueslo de pollo con piel,,185,18,0,12,0,0,pieza,200,SMAE 2014,SMAE2014:A_O_A_MODERADOS_EN_GRASA:45
Piloncillo,,360,0,91,0,0,0,,,SMAE 2014,SMAE2014:AZUCARES_SIN_GRASA:96
Piloncillo rallado,,360,0,91,0,0,0,cucharada,10,SMAE 2014,SMAE2014:AZUCARES_SIN_GRASA:97
Pilopo crudo,,82.2222,14.8889,2.2222,1.1111,0,0,,,SMAE 2014,SMAE2014:A_O_A_MUY_BAJOS_EN_GRASA:209
Pimentón,,300,15,55,15,0,0,cucharadita,2,SMAE 2014,SMAE2014:ALIMENTOS_LIBRES_EN_ENERGIA:158
Pimienta,,250,10,65,5,0,0,cucharadita,2,SMAE 2014,SMAE2014:ALIMENTOS_LIBRES_EN_ENERGIA:159
Pimienta blanaca entera,,225,10,57.5,5,0,0,cucharadita,4,SMAE 2014,SMAE2014:ALIMENTOS_LIBRES_EN_ENERGIA:162
Pimienta blanaca molida,,300,10,70,0,0,0,cucharadita,2,SMAE 2014,SMAE2014:ALIMENTOS_LIBRES_EN_ENERGIA:163
Pimienta blanca,,300,10,70,0,0,0,cucharadita,2,SMAE 2014,SMAE2014:ALIMENTOS_LIBRES_EN_ENERGIA:160
Pimienta blanca en polvo,,300,10,70,0,0,0,cucharadita,2,SMAE 2014,SMAE2014:ALIMENTOS_LIBRES_EN_ENERGIA:161
Pimienta de cayena,,300,10,55,15,0,0,cucharadita,2,SMAE 2014,SMAE2014:ALIMENTOS_LIBRES_EN_ENERGIA:164
Pimienta de tabasco,,300,10,55,15,0,0,cucharadita,2,SMAE 2014,SMAE2014:ALIMENTOS_LIBRES_EN_ENERGIA:165
Pimienta gorda,,225,10,57.5,5,0,0,cucharadita,4,SMAE 2014,SMAE2014:ALIMENTOS_LIBRES_EN_ENERGIA:166
Pimienta molida,,250,10,65,5,0,0,cucharadita,2,SMAE 2014,SMAE2014:ALIMENTOS_LIBRES_EN_ENERGIA:167
Pimienta nagra molida,,250,10,65,5,0,0,cucharadita,2,SMAE 2014,SMAE2014:ALIMENTOS_LIBRES_EN_ENERGIA:171
Pimienta negra,,250,10,65,5,0,0,cucharadita,2,SMAE 2014,SMAE2014:ALIMENTOS_LIBRES_EN_ENERGIA:168
Pimienta negra en polvo,,250,10,65,5,0,0,cucharadita,2,SMAE 2014,SMAE2014:ALIMENTOS_LIBRES_EN_ENERGIA:169
Pimienta negra entera,,225,10,57.5,5,0,0,cucharadita,4,SMAE 2014,SMAE2014:ALIMENTOS_LIBRES_EN_ENERGIA:170
Pimienta roja,,300,10,55,15,0,0,cucharadita,2,SMAE 2014,SMAE2014:ALIMENTOS_LIBRES_EN_ENERGIA:172
Pimienta verde,,300,10,70,0,0,0,cucharadita,2,SMAE 2014,SMAE2014:ALIMENTOS_LIBRES_EN_ENERGIA:173
Pimiento amarillo crudo chico,,26.5625,1.0938,6.25,0.1563,0.9375,0,pieza,64,SMAE 2014,SMAE2014:VERDURAS:127
Pimiento cocido,,27.9412,0.8824,6.7647,0.1471,1.1765,0,taza,136,SMAE 2014,SMAE2014:VERDURAS:128
Pimiento fresco,,28.3333,0.8333,6.3333,0.1667,1.8333,0,taza,60,SMAE 2014,SMAE2014:VERDURAS:129
Pimiento rojo crudo chico,,26.5625,1.0938,6.25,0.1563,0.9375,0,pieza,64,SMAE 2014,SMAE2014:VERDURAS:130
Pimiento verde crudo chico,,26.5625,1.0938,6.25,0.1563,0.9375,0,pieza,64,SMAE 2014,SMAE2014:VERDURAS:131
Pinole,,386.6667,10.6667,75.3333,6,0,0,,,SMAE 2014,SMAE2014:CEREALES_SIN_GRASA:320
Piña colada,,55,0,7.9167,0,0,0,vaso,300,SMAE 2014,SMAE2014:PLATILLOS_BEBIDAS:53
Piña en almibar,,84,0.4,21.6,0.2,0.8,0,rebanada,50,SMAE 2014,SMAE2014:FRUTAS:167
Piña en almibar,,84.127,0.3175,21.5873,0.1587,0.7937,0,taza,189,SMAE 2014,SMAE2014:FRUTAS:168
Piña picada,,50,0.5645,13.0645,0.0806,1.371,0,taza,165.33,SMAE 2014,SMAE2014:FRUTAS:169
Piña rebanada,,50,0.5952,13.0952,0.119,1.4286,0,rebanada,84,SMAE 2014,SMAE2014:FRUTAS:170
Piñón,,640,12,20,62,0,0,cucharada,10,SMAE 2014,SMAE2014:ACEITES_Y_GRASAS_CON_PROTEINAS:191
Piñón,,640,12,20,62,0,0,cucharada,10,SMAE 2014,SMAE2014:ACEITES_Y_GRASAS_CON_PROTEINAS:88
Pipián,,513.3333,6,51.3333,31.3333,0,0,,,SMAE 2014,SMAE2014:AZUCARES_CON_GRASA:69
Pistache,,561.5385,20,19.2308,48.4615,0,0,pieza,0.72,SMAE 2014,SMAE2014:ACEITES_Y_GRASAS_CON_PROTEINAS:192
Pistache,,561.5385,20,19.2308,48.4615,0,0,pieza,0.72,SMAE 2014,SMAE2014:ACEITES_Y_GRASAS_CON_PROTEINAS:89
Pistache tostado,,569.2308,20,24.6154,47.6923,0,0,pieza,0.72,SMAE 2014,SMAE2014:ACEITES_Y_GRASAS_CON_PROTEINAS:193
Pistache tostado,,569.2308,20,24.6154,47.6923,0,0,pieza,0.72,SMAE 2014,SMAE2014:ACEITES_Y_GRASAS_CON_PROTEINAS:90
Pitahaya,,48.1481,1.5741,10.3704,0.5556,2.037,0,pieza,54,SMAE 2014,SMAE2014:FRUTAS:171
Pizza,,365,0,47,12.5,0,0,rebanada,50,SMAE 2014,SMAE2014:PLATILLOS_PLATOS_FUERTES:80
Pizza vegetariana,,240,0,34,5,0,0,rebanada,50,SMAE 2014,SMAE2014:PLATILLOS_PLATOS_FUERTES:86
Plátano,,88.8889,1.1111,22.963,0.3704,2.5926,0,pieza,108,SMAE 2014,SMAE2014:FRUTAS:172
Plátano deshidratado,,345,4,88.5,2,10,0,taza,80,SMAE 2014,SMAE2014:FRUTAS:173
Plátano dominico,,94.7368,0.1754,24.5614,0.1754,2.1053,0,pieza,19,SMAE 2014,SMAE2014:FRUTAS:174
Plátano machacado,,89.2857,1.0714,22.8571,0.3571,2.6786,0,taza,224,SMAE 2014,SMAE2014:FRUTAS:175
Plátano macho,,193.8776,1.0204,23.6735,0.4082,2.0408,0,pieza,196,SMAE 2014,SMAE2014:FRUTAS:176
Plátano macho rebanado,,194.1176,0.9804,23.5294,0.5882,2.1569,0,taza,153,SMAE 2014,SMAE2014:FRUTAS:177
Plátano manzano,,95.9184,1.0204,24.0816,0.6122,2.0408,0,pieza,98,SMAE 2014,SMAE2014:FRUTAS:178
Plátano morado,,83.6735,1.8367,21.0204,0.2041,2.0408,0,pieza,98,SMAE 2014,SMAE2014:FRUTAS:179
PLF* con Lactobacillus casei Shirota,,68.75,1.25,15.875,0.0417,0,0,envase,80,SMAE 2014,SMAE2014:LECHE_CON_AZUCAR:52
PLF* sin azúcar con Lactobacillus casie Chirota,,37.5,1.25,10.5,0.0625,0,0,envase,80,SMAE 2014,SMAE2014:LECHE_DESCREMADA:23
Pocoles,,80,0,11.3333,1.6667,0,0,tazón,300,SMAE 2014,SMAE2014:PLATILLOS_PLATOS_FUERTES:93
Pollo a la jardinera,,247.5,0,6,15,0,0,taza,133.33,SMAE 2014,SMAE2014:PLATILLOS_PLATOS_FUERTES:29
Pollo a la plancha,,247.5,0,0,17.5,0,0,pieza,100,SMAE 2014,SMAE2014:PLATILLOS_PLATOS_FUERTES:8
Pollo con nopales en salsa verde,,247.5,0,6,15,0,0,taza,133.33,SMAE 2014,SMAE2014:PLATILLOS_PLATOS_FUERTES:28
Pollo con verduras,,247.5,0,6,15,0,0,taza,133.33,SMAE 2014,SMAE2014:PLATILLOS_PLATOS_FUERTES:32
Pollo crispy,,311.7647,15.8824,15,20.8824,0,0,,,SMAE 2014,SMAE2014:A_O_A_ALTO_EN_GRASA:65
Pollo crudo sin piel,,184.6154,17.6923,0,11.9231,0,0,,,SMAE 2014,SMAE2014:A_O_A_MUY_BAJOS_EN_GRASA:200
Pollo crudo sin piel en piezas,,188.4615,18.0769,0,12.3077,0,0,,,SMAE 2014,SMAE2014:A_O_A_MUY_BAJOS_EN_GRASA:201
Pollo deshebrado,,113.1579,22.8947,0,1.5789,0,0,taza,152,SMAE 2014,SMAE2014:A_O_A_MUY_BAJOS_EN_GRASA:202
Pollo rostizado,,285.7143,23.9286,0,22.5,0,0,pieza,84,SMAE 2014,SMAE2014:A_O_A_ALTO_EN_GRASA:66
Pollo sin piel cocido,,160,29,0,4,0,0,,,SMAE 2014,SMAE2014:A_O_A_MUY_BAJOS_EN_GRASA:203
Pomarosa,,63.1579,0.6316,16.4211,0.2105,1.3684,0,,,SMAE 2014,SMAE2014:FRUTAS:180
Pomelo,,37.9085,0.5882,9.6078,0.1307,0.1961,0,,,SMAE 2014,SMAE2014:FRUTAS:181
Ponche de frutas,,45.5696,0,11.6456,0,0,0,taza,237,SMAE 2014,SMAE2014:AZUCARES_SIN_GRASA:98
Pop tarts,,388.8889,5.5556,71.6667,9.4444,1.6667,0,pieza,54,SMAE 2014,SMAE2014:CEREALES_CON_GRASA:169
Poro crudo,,65.625,1.5625,14.0625,0.3125,3.75,0,taza,128,SMAE 2014,SMAE2014:VERDURAS:132
Potajes,,109.1667,0,10.6667,3.8333,0,0,tazón,300,SMAE 2014,SMAE2014:PLATILLOS_PLATOS_FUERTES:96
Pozole de cerdo,,80,0,11.3333,1.6667,0,0,tazón,300,SMAE 2014,SMAE2014:PLATILLOS_PLATOS_FUERTES:94
Pozole de pollo,,80,0,11.3333,1.6667,0,0,tazón,300,SMAE 2014,SMAE2014:PLATILLOS_PLATOS_FUERTES:95
Praliné,,450,2.5,62.5,23.75,0,0,cucharada,16,SMAE 2014,SMAE2014:ACEITES_Y_GRASAS:117
Pretzels,,383.3333,9.4444,80.5556,3.3333,3.3333,0,pieza,3,SMAE 2014,SMAE2014:CEREALES_SIN_GRASA:321
Prisco,,38.3117,0.5844,9.6753,0.1299,1.4286,0,pieza,44,SMAE 2014,SMAE2014:FRUTAS:182
Prispas,,478.9474,4.2105,75.2632,17.8947,2.1053,0,paquete,25.33,SMAE 2014,SMAE2014:CEREALES_CON_GRASA:170
Proteina aislada de soya,,340,81,7,3,0,0,,,SMAE 2014,SMAE2014:A_O_A_MUY_BAJOS_EN_GRASA:204
Proteina concentrda de soya,,330,58,31,0,0,0,,,SMAE 2014,SMAE2014:A_O_A_MUY_BAJOS_EN_GRASA:205
Pudin de cajeta,,160.4167,0,21.6667,5.4167,0,0,taza,240,SMAE 2014,SMAE2014:PLATILLOS_POSTRES:29
Puerro crudo,,63.6364,1.3636,14.5455,0.4545,4.0909,0,pieza,88,SMAE 2014,SMAE2014:VERDURAS:133
Puerro hervido sin sal,,30.6452,0.8065,7.5806,0.1613,0.9677,0,pieza,124,SMAE 2014,SMAE2014:VERDURAS:134
Pulmón de cerdo,,85.4167,13.9583,0,2.7083,0,0,,,SMAE 2014,SMAE2014:A_O_A_MUY_BAJOS_EN_GRASA:206
Pulpa de cerdo,,140,19.75,0,6.25,0,0,,,SMAE 2014,SMAE2014:A_O_A_BAJO_EN_GRASA:112
Pulpa de fresa,,176,0.4,47.6,0.4,0.8,0,cucharada,12.5,SMAE 2014,SMAE2014:FRUTAS:183
Pulpa de guanabana,,180,0.4,49.2,0.4,0.4,0,cucharada,12.5,SMAE 2014,SMAE2014:FRUTAS:184
Pulpa de jaiba,,82.6087,17.3913,0,1.3043,0,0,taza,138,SMAE 2014,SMAE2014:A_O_A_MUY_BAJOS_EN_GRASA:207
Pulpa de mamey,,69.3333,1.7333,16.2667,0.6667,4.5333,0,cucharada,12.5,SMAE 2014,SMAE2014:FRUTAS:185
Pulpa de res,,348,27.2,0,26,0,0,,,SMAE 2014,SMAE2014:A_O_A_ALTO_EN_GRASA:67
Pulpa de tamarindo,,57,0.1,14.7,0.1,0.5,0,cucharada,12.5,SMAE 2014,SMAE2014:FRUTAS:186
Pulpa de ternera,,155.2632,19.7368,0,7.8947,0,0,,,SMAE 2014,SMAE2014:A_O_A_BAJO_EN_GRASA:113
Pulpa de zapote negro,,56.1905,0.7619,14.4762,0.0952,1.2381,0,taza,210,SMAE 2014,SMAE2014:FRUTAS:187
Pulpo cocido,,164,30,4.4,2,0,0,,,SMAE 2014,SMAE2014:A_O_A_MUY_BAJOS_EN_GRASA:208
Pulque,,46.9697,0,6.0909,0,0,0,tarro,330,SMAE 2014,SMAE2014:BEBIDAS_ALCOHOLICAS:24
Puntas de filete,,120,24,0,2.6667,0,0,,,SMAE 2014,SMAE2014:A_O_A_MUY_BAJOS_EN_GRASA:210
Puntas de res,,120,24,0,2.6667,0,0,,,SMAE 2014,SMAE2014:A_O_A_MUY_BAJOS_EN_GRASA:211
Puré de camote,,100,2,23,0.1667,1.6667,0,taza,240,SMAE 2014,SMAE2014:CEREALES_SIN_GRASA:322
Puré de camote con naranja,,154,0.4,38,0,0,0,taza,200,SMAE 2014,SMAE2014:CEREALES_SIN_GRASA:323
Puré de ciruela pasa,,124.3902,1.2195,33.1707,0.2439,0.4878,0,cucharada,13.67,SMAE 2014,SMAE2014:FRUTAS:188
Puré de guayaba,,75.3846,0.1538,18.4615,0.1538,2.6154,0,frasco,130,SMAE 2014,SMAE2014:FRUTAS:189
Puré de guayaba gerber 2A etapa,,75.3846,0.1538,18.4615,0.1538,2.6154,0,frasco,130,SMAE 2014,SMAE2014:FRUTAS:190
Puré de manzana,,75.9036,0.1205,19.759,0.1205,1.2048,0,cucharada,13.83,SMAE 2014,SMAE2014:FRUTAS:191
Puré de manzana sin azúcar,,42.623,0.1639,11.3115,0.082,1.2295,0,taza,244,SMAE 2014,SMAE2014:FRUTAS:192
Puré de papa,,113.3333,1.9048,16.6667,4.1905,1.5238,0,taza,210,SMAE 2014,SMAE2014:CEREALES_CON_GRASA:171
Puré de papa hojuelas,,350,8.5,80.5,0.5,6.5,0,taza,60,SMAE 2014,SMAE2014:CEREALES_SIN_GRASA:324
Puré de platano,,89.2857,1.0714,22.8571,0.3571,2.6786,0,taza,224,SMAE 2014,SMAE2014:FRUTAS:193
Puré de tomate enlatado,,38.0952,1.5873,8.8889,0.1587,2.381,0,taza,252,SMAE 2014,SMAE2014:VERDURAS:135
Quaker instant 0% azúcar,,333.3333,8.3333,65.5556,3.8889,0,0,sobre,36,SMAE 2014,SMAE2014:CEREALES_SIN_GRASA:325
Quelite crudo,,39.3939,4.697,3.9394,0.4545,1.2121,0,,,SMAE 2014,SMAE2014:VERDURAS:136
Quesadilla de hongos,,160,0,22.6667,3.3333,0,0,pieza,75,SMAE 2014,SMAE2014:PLATILLOS_PLATOS_FUERTES:84
Quesadillas surtidas,,221.6667,0,21.3333,10,0,0,pieza,75,SMAE 2014,SMAE2014:PLATILLOS_PLATOS_FUERTES:68
Queso amarillo,,238.0952,16.6667,11.6667,14.0476,0,0,rebanada,21,SMAE 2014,SMAE2014:A_O_A_ALTO_EN_GRASA:68
Queso americano fundido,,269.2308,14.8718,5.8974,21.0256,0,0,cucharadita,5.57,SMAE 2014,SMAE2014:A_O_A_ALTO_EN_GRASA:69
Queso añejo,,380,21.6,4.8,30.4,0,0,,,SMAE 2014,SMAE2014:A_O_A_ALTO_EN_GRASA:70
Queso añejo rallado,,375.8621,21.7241,4.4828,30,0,0,cucharada,7.25,SMAE 2014,SMAE2014:A_O_A_ALTO_EN_GRASA:71
Queso asadero,,357.1429,22.8571,2.8571,28.5714,0,0,rebanada,28,SMAE 2014,SMAE2014:A_O_A_ALTO_EN_GRASA:72
Queso blanco,,220,17.1429,5.1429,14.5714,0,0,,,SMAE 2014,SMAE2014:A_O_A_MODERADOS_EN_GRASA:46
Queso blue cheese,,353.3333,21.3333,2.3333,28.6667,0,0,,,SMAE 2014,SMAE2014:A_O_A_ALTO_EN_GRASA:73
Queso brick,,376,23.6,2.8,30,0,0,,,SMAE 2014,SMAE2014:A_O_A_ALTO_EN_GRASA:74
Queso brie,,340,21,0.3333,28,0,0,,,SMAE 2014,SMAE2014:A_O_A_ALTO_EN_GRASA:75
Queso camembert,,302.8571,20,0.2857,24.5714,0,0,,,SMAE 2014,SMAE2014:A_O_A_ALTO_EN_GRASA:76
Queso canasto,,290,28.3333,1.3333,33.3333,0,0,,,SMAE 2014,SMAE2014:A_O_A_ALTO_EN_GRASA:77
Queso cheddar,,404.7619,24.7619,1.4286,33.3333,0,0,rebanada,28,SMAE 2014,SMAE2014:A_O_A_ALTO_EN_GRASA:78
Queso cheddar bajo en grasa,,176.6667,24.6667,1.6667,7,0,0,,,SMAE 2014,SMAE2014:A_O_A_BAJO_EN_GRASA:114
Queso cheddar rallado,,407.1429,25,1.4286,33.5714,0,0,taza,112,SMAE 2014,SMAE2014:A_O_A_ALTO_EN_GRASA:79
Queso Cheshire,,385.7143,23.2143,4.6429,30.7143,0,0,rebanada,28,SMAE 2014,SMAE2014:A_O_A_ALTO_EN_GRASA:81
Queso chichuahua,,376,21.6,5.6,30,0,0,,,SMAE 2014,SMAE2014:A_O_A_ALTO_EN_GRASA:82
Queso Chihuahua fresco,,375,21.4286,5.7143,30,0,0,rebanada,28,SMAE 2014,SMAE2014:A_O_A_ALTO_EN_GRASA:83
Queso chihuahua rallado,,378.5714,21.7857,5.7143,30.3571,0,0,taza,112,SMAE 2014,SMAE2014:A_O_A_ALTO_EN_GRASA:84
Queso colby estilo Cheddar,,392.8571,23.9286,2.5,32.1429,0,0,rebanada,28,SMAE 2014,SMAE2014:A_O_A_ALTO_EN_GRASA:85
Queso cotage cremoso,,103.7037,12.5926,2.7778,4.6296,0,0,cucharada,18,SMAE 2014,SMAE2014:A_O_A_BAJO_EN_GRASA:115
Queso Cotagge Lala Light,,116.6667,21.6667,3.3333,1.6667,0,0,,,SMAE 2014,SMAE2014:A_O_A_MUY_BAJOS_EN_GRASA:212
Queso cotija,,290,28.3333,1.3333,33.3333,0,0,,,SMAE 2014,SMAE2014:A_O_A_ALTO_EN_GRASA:86
Queso cottage,,89.5833,13.75,3.5417,1.875,0,0,cucharada,16,SMAE 2014,SMAE2014:A_O_A_MUY_BAJOS_EN_GRASA:213
Queso cottage 1% grasa,,71.9298,12.2807,2.6316,1.0526,0,0,taza,114,SMAE 2014,SMAE2014:A_O_A_MUY_BAJOS_EN_GRASA:214
Queso cottage 2% grasa,,89.5833,13.75,3.5417,1.875,0,0,cucharada,16,SMAE 2014,SMAE2014:A_O_A_MUY_BAJOS_EN_GRASA:215
Queso cottage bajo en grasa,,71.9298,12.2807,2.6316,1.0526,0,0,taza,228,SMAE 2014,SMAE2014:A_O_A_MUY_BAJOS_EN_GRASA:216
Queso crema,,353.8462,7.6923,3.0769,35.3846,0,0,cucharada,13,SMAE 2014,SMAE2014:ACEITES_Y_GRASAS:118
Queso crema bajo en grasa,,246.1538,8.4615,2.3077,23.0769,0,0,cucharada,13,SMAE 2014,SMAE2014:ACEITES_Y_GRASAS:119
Queso crema light,,231.1111,10.6667,7.1111,17.5556,0,0,cucharada,15,SMAE 2014,SMAE2014:A_O_A_ALTO_EN_GRASA:87
Queso crema untable,,370,7,3,37,0,0,cucharada,10,SMAE 2014,SMAE2014:ACEITES_Y_GRASAS:120
Queso de cabra con ceniza,,268.5714,18.8571,0.8571,21.1429,0,0,,,SMAE 2014,SMAE2014:A_O_A_ALTO_EN_GRASA:88
Queso de cabra duro,,455,31,2,36,0,0,,,SMAE 2014,SMAE2014:A_O_A_ALTO_EN_GRASA:89
Queso de cabra semi suave,,364.2857,21.4286,2.5,30,0,0,rebanada,28,SMAE 2014,SMAE2014:A_O_A_ALTO_EN_GRASA:90
Queso de cabra suave,,268.5714,18.8571,0.8571,21.1429,0,0,,,SMAE 2014,SMAE2014:A_O_A_ALTO_EN_GRASA:91
Queso de puerco,,375,10,0,37,0,0,,,SMAE 2014,SMAE2014:ACEITES_Y_GRASAS_CON_PROTEINAS:194
Queso de puerco,,375,10,0,37,0,0,,,SMAE 2014,SMAE2014:ACEITES_Y_GRASAS_CON_PROTEINAS:91
Queso de soya,,150,12.5,6.7857,8.2143,0,0,rebanada,28,SMAE 2014,SMAE2014:A_O_A_BAJO_EN_GRASA:116
Queso de soya,,150,12.5,6.7857,8.2143,0,0,rebanada,28,SMAE 2014,SMAE2014:A_O_A_MODERADOS_EN_GRASA:47
Queso edam,,356.6667,25,1.3333,27.6667,0,0,,,SMAE 2014,SMAE2014:A_O_A_ALTO_EN_GRASA:92
Queso feta,,265,14.25,4,21.25,0,0,,,SMAE 2014,SMAE2014:A_O_A_ALTO_EN_GRASA:93
Queso fontina,,388,25.6,1.6,31.2,0,0,,,SMAE 2014,SMAE2014:A_O_A_ALTO_EN_GRASA:94
Queso fresco,,145,15.25,5,7,0,0,,,SMAE 2014,SMAE2014:A_O_A_BAJO_EN_GRASA:117
Queso fresco de cabra,,173.3333,23.6667,8.6667,5,0,0,,,SMAE 2014,SMAE2014:A_O_A_BAJO_EN_GRASA:118
Queso fresco de vaca,,145,15.25,5,7,0,0,,,SMAE 2014,SMAE2014:A_O_A_BAJO_EN_GRASA:119
Queso fundido,,228.8889,14.2222,3.7778,13.3333,0,0,cucharada,15,SMAE 2014,SMAE2014:A_O_A_ALTO_EN_GRASA:95
Queso gouda,,356.6667,25,2.3333,27.3333,0,0,,,SMAE 2014,SMAE2014:A_O_A_ALTO_EN_GRASA:96
Queso gruyere,,412,30,0.4,32.4,0,0,,,SMAE 2014,SMAE2014:A_O_A_ALTO_EN_GRASA:97
Queso holandés,,375,33.5,8,26,0,0,,,SMAE 2014,SMAE2014:A_O_A_MODERADOS_EN_GRASA:48
Queso Limburger,,328.5714,20,0.3571,27.1429,0,0,rebanada,28,SMAE 2014,SMAE2014:A_O_A_ALTO_EN_GRASA:98
Queso manchego,,408,24.4,4.8,32.4,0,0,,,SMAE 2014,SMAE2014:A_O_A_ALTO_EN_GRASA:99
Queso manchego rallado,,408,24.4,4.8,32.4,0,0,,,SMAE 2014,SMAE2014:A_O_A_ALTO_EN_GRASA:100
Queso manchego rebanado,,408,24.4,4.8,32.4,0,0,,,SMAE 2014,SMAE2014:A_O_A_ALTO_EN_GRASA:101
Queso menonita,,380,21.6,5.6,30,0,0,,,SMAE 2014,SMAE2014:A_O_A_ALTO_EN_GRASA:102
Queso Monterrey,,372,24.4,0.8,30.4,0,0,,,SMAE 2014,SMAE2014:A_O_A_ALTO_EN_GRASA:103
Queso monterrey bajo en grasa,,314.2857,28.2143,0.7143,21.4286,0,0,rebanada,28,SMAE 2014,SMAE2014:A_O_A_MODERADOS_EN_GRASA:49
Queso mozarella,,300,22.2857,2.2857,22.2857,0,0,,,SMAE 2014,SMAE2014:A_O_A_ALTO_EN_GRASA:104
Queso mozarella rallado,,300,22.2857,2.2857,22.2857,0,0,taza,1,SMAE 2014,SMAE2014:A_O_A_ALTO_EN_GRASA:105
Queso mozarella suave,,317.8571,21.4286,2.5,24.6429,0,0,rebanada,28,SMAE 2014,SMAE2014:A_O_A_ALTO_EN_GRASA:106
Queso Mozzarella cero grasa,,139.2857,31.7857,3.5714,0,0,0,rebanada,28,SMAE 2014,SMAE2014:A_O_A_MUY_BAJOS_EN_GRASA:217
Queso Mozzarella reducido en grasa,,253.5714,24.2857,2.8571,16.0714,0,0,rebanada,28,SMAE 2014,SMAE2014:A_O_A_MODERADOS_EN_GRASA:50
Queso Mozzarella semidescremado,,253.3333,24.3333,2.6667,16,0,0,,,SMAE 2014,SMAE2014:A_O_A_MODERADOS_EN_GRASA:51
Queso Muenster,,367.8571,23.5714,1.0714,30,0,0,rebanada,28,SMAE 2014,SMAE2014:A_O_A_ALTO_EN_GRASA:107
Queso Muenster bajo en grasa,,275,24.6429,50.3571,17.5,0,0,rebanada,28,SMAE 2014,SMAE2014:A_O_A_MODERADOS_EN_GRASA:52
Queso neufchatel,,260,10,2.8571,23.4286,0,0,,,SMAE 2014,SMAE2014:A_O_A_ALTO_EN_GRASA:108
Queso Oaxaca,,316.6667,25.6667,3,22,0,0,,,SMAE 2014,SMAE2014:A_O_A_ALTO_EN_GRASA:109
Queso Oaxaca Lala Light,,213.3333,26,2.6667,11,0,0,,,SMAE 2014,SMAE2014:A_O_A_BAJO_EN_GRASA:120
Queso panela,,145,15.25,5,7,0,0,,,SMAE 2014,SMAE2014:A_O_A_BAJO_EN_GRASA:121
Queso panela Lala Light,,173.3333,19,4,9,0,0,,,SMAE 2014,SMAE2014:A_O_A_BAJO_EN_GRASA:122
Queso parmensano,,416.6667,37.2222,5,27.7778,0,0,cucharada,5.14,SMAE 2014,SMAE2014:A_O_A_MODERADOS_EN_GRASA:53
Queso parmensano duro,,390,36,3,26,0,0,,,SMAE 2014,SMAE2014:A_O_A_MODERADOS_EN_GRASA:54
Queso parmensano en trozo,,390,36,3,26,0,0,,,SMAE 2014,SMAE2014:A_O_A_MODERADOS_EN_GRASA:55
Queso parmensano rallado,,416.6667,37.2222,5,27.7778,0,0,cucharada,5.14,SMAE 2014,SMAE2014:A_O_A_MODERADOS_EN_GRASA:56
Queso pasteurizado americano,,375,22.1429,1.4286,31.0714,0,0,rebanada,28,SMAE 2014,SMAE2014:A_O_A_ALTO_EN_GRASA:110
Queso pasteurizado suizo,,328.125,24.375,2.1875,24.6875,0,0,rebanada,21.33,SMAE 2014,SMAE2014:A_O_A_ALTO_EN_GRASA:111
Queso petit Suisse,,79.6078,3.5294,14.1176,1.3333,0,0,pieza,204,SMAE 2014,SMAE2014:LECHE_CON_AZUCAR:53
Queso Philadelphia,,353.8462,7.6923,3.0769,35.3846,0,0,cucharada,13,SMAE 2014,SMAE2014:ACEITES_Y_GRASAS:121
Queso port salut,,353.5714,23.9286,0.7143,28.2143,0,0,rebanada,28,SMAE 2014,SMAE2014:A_O_A_ALTO_EN_GRASA:112
Queso provolone,,350,25.7143,2.1429,26.7857,0,0,rebanada,28,SMAE 2014,SMAE2014:A_O_A_ALTO_EN_GRASA:113
Queso ricotta,,172.5806,11.129,3.0645,12.9032,0,0,taza,248,SMAE 2014,SMAE2014:A_O_A_ALTO_EN_GRASA:114
Queso ricotta reducido en grasa,,137.7778,11.3333,5.1111,8,0,0,cucharada,15,SMAE 2014,SMAE2014:A_O_A_BAJO_EN_GRASA:123
Queso ricotta semidescremado,,138.1818,11.4545,5.0909,7.8182,0,0,,,SMAE 2014,SMAE2014:A_O_A_MODERADOS_EN_GRASA:57
Queso romeno,,386.9565,31.7391,3.4783,26.9565,0,0,,,SMAE 2014,SMAE2014:A_O_A_ALTO_EN_GRASA:115
Queso roquefort,,368,21.6,2,30.8,0,0,,,SMAE 2014,SMAE2014:A_O_A_ALTO_EN_GRASA:116
Queso suizo,,378.5714,26.7857,5.3571,27.8571,0,0,rebanada,28,SMAE 2014,SMAE2014:A_O_A_ALTO_EN_GRASA:117
Queso suizo muy bajo en grasa,,178.5714,28.5714,3.5714,5,0,0,rebanada,28,SMAE 2014,SMAE2014:A_O_A_MUY_BAJOS_EN_GRASA:218
Queso suizo rallado,,220.9302,17.2093,5.3488,14.6512,0,0,cucharada,7.17,SMAE 2014,SMAE2014:A_O_A_ALTO_EN_GRASA:118
Queso tipo americano,,374.0741,22.2222,1.4815,31.4815,0,0,rebanada,18,SMAE 2014,SMAE2014:A_O_A_ALTO_EN_GRASA:119
Queso tipo americano lala light,,210,16.6667,5.6667,12.6667,0,0,,,SMAE 2014,SMAE2014:A_O_A_MODERADOS_EN_GRASA:58
Queso tipo roquefort,,368,21.6,2,30.8,0,0,,,SMAE 2014,SMAE2014:A_O_A_ALTO_EN_GRASA:120
Queso velveta,,285.7143,18,10.8571,21.4286,0,0,,,SMAE 2014,SMAE2014:A_O_A_ALTO_EN_GRASA:121
Queson Cheezwiz,,275.7576,12.1212,9.0909,20.9091,0,0,cucharada,16.5,SMAE 2014,SMAE2014:A_O_A_ALTO_EN_GRASA:80
Quinoa,,370,14,64,6,7,0,,,SMAE 2014,SMAE2014:CEREALES_SIN_GRASA:326
Rábano crudo rebanado,,16.3462,0.6731,3.3654,0.0962,1.6346,0,taza,104,SMAE 2014,SMAE2014:VERDURAS:137
Raíz de chayote,,78.75,2,17.75,0.25,0.375,0,,,SMAE 2014,SMAE2014:CEREALES_SIN_GRASA:327
Raíz de jengibre,,50,0,15,0,0,0,cucharadita,2,SMAE 2014,SMAE2014:ALIMENTOS_LIBRES_EN_ENERGIA:174
Raíz fuerte,,60,2,14,0,0,0,,,SMAE 2014,SMAE2014:ALIMENTOS_LIBRES_EN_ENERGIA:175
Raja de canela,,300,5,90,5,0,0,pieza,6,SMAE 2014,SMAE2014:ALIMENTOS_LIBRES_EN_ENERGIA:176
Ralladura de limón,,50,2,17,0,0,0,cucharadita,2,SMAE 2014,SMAE2014:ALIMENTOS_LIBRES_EN_ENERGIA:177
Ralladura de naranja,,100,2,25,0,0,0,cucharadita,2,SMAE 2014,SMAE2014:ALIMENTOS_LIBRES_EN_ENERGIA:178
Rambután,,62.5,0.6818,17.0455,0.3409,1.0227,0,pieza,12.57,SMAE 2014,SMAE2014:FRUTAS:194
Rambután en almibar,,81.4815,0.7407,20.7407,0.1852,0.9259,0,taza,216,SMAE 2014,SMAE2014:FRUTAS:195
Red Bull sugar free*,,4.8,0.24,0.72,0.08,0,0,lata,250,SMAE 2014,SMAE2014:ALIMENTOS_LIBRES_EN_ENERGIA:179
Red Bull*,,44.5783,0.241,10.8434,0.1205,0,0,lata,249,SMAE 2014,SMAE2014:AZUCARES_SIN_GRASA:100
Refresco,,41.3043,0,10.5435,0,0,0,lata,368,SMAE 2014,SMAE2014:AZUCARES_SIN_GRASA:101
Refresco de cola,,41.3043,0,10.5435,0,0,0,lata,368,SMAE 2014,SMAE2014:AZUCARES_SIN_GRASA:102
Refresco de dieta,,0.2817,0,0.0282,0,0,0,lata,355,SMAE 2014,SMAE2014:ALIMENTOS_LIBRES_EN_ENERGIA:180
Refresco de frutas,,49.4382,0,12.4719,0,0,0,lata,356,SMAE 2014,SMAE2014:AZUCARES_SIN_GRASA:103
Refresco en polvo sin azúcar,,500,0,0,0,0,0,sobre,1,SMAE 2014,SMAE2014:ALIMENTOS_LIBRES_EN_ENERGIA:181
Requesón promedio,,180.9524,15,3.0952,11.9048,0,0,cucharada,12,SMAE 2014,SMAE2014:A_O_A_MODERADOS_EN_GRASA:59
Res de salsa de vino tinto,,270,0,0,20,0,0,taza,100,SMAE 2014,SMAE2014:PLATILLOS_PLATOS_FUERTES:24
Retazo,,297.1429,16,0,25.4286,0,0,,,SMAE 2014,SMAE2014:A_O_A_ALTO_EN_GRASA:122
Retazo con hueso,,297.1429,16,0,25.4286,0,0,,,SMAE 2014,SMAE2014:A_O_A_ALTO_EN_GRASA:123
Retazo de carnero,,112,14.2,0,5.6,0,0,,,SMAE 2014,SMAE2014:A_O_A_BAJO_EN_GRASA:124
Retazo de pescado crudo,,100,20.5714,0,14.2857,0,0,,,SMAE 2014,SMAE2014:A_O_A_MUY_BAJOS_EN_GRASA:219
Retazo de pollo,,297.1429,16,0,25.4286,0,0,,,SMAE 2014,SMAE2014:A_O_A_ALTO_EN_GRASA:124
Retazo de res,,297.1429,16,0,25.4286,0,0,,,SMAE 2014,SMAE2014:A_O_A_ALTO_EN_GRASA:125
Retazo de ternera,,297.1429,16,0,25.4286,0,0,,,SMAE 2014,SMAE2014:A_O_A_ALTO_EN_GRASA:126
Rib eye,,273.3333,17.6667,0,22,0,0,,,SMAE 2014,SMAE2014:A_O_A_ALTO_EN_GRASA:127
Rib eye sin grasa,,224,28,0,11.6,0,0,,,SMAE 2014,SMAE2014:A_O_A_BAJO_EN_GRASA:125
Rice krispies treats,,409.0909,4.5455,77.2727,11.3636,0,0,barra,22,SMAE 2014,SMAE2014:CEREALES_CON_GRASA:172
Riñones de carnero crudos,,108.3333,18.0556,0.8333,3.3333,0,0,,,SMAE 2014,SMAE2014:A_O_A_MUY_BAJOS_EN_GRASA:220
Riñones de cerdo cocidos,,150,25.3571,0,4.6429,0,0,,,SMAE 2014,SMAE2014:A_O_A_MUY_BAJOS_EN_GRASA:221
Riñones de res cocidos,,160,27.2,0,4.8,0,0,,,SMAE 2014,SMAE2014:A_O_A_MUY_BAJOS_EN_GRASA:222
Riñones de ternera cocidos,,164,26.4,0,5.6,0,0,,,SMAE 2014,SMAE2014:A_O_A_MUY_BAJOS_EN_GRASA:223
Roast beef,,109.0909,20,1.5152,2.7273,0,0,rebanada,13.2,SMAE 2014,SMAE2014:A_O_A_MUY_BAJOS_EN_GRASA:224
Robaalo crudo,,86.8421,18.9474,0,0.7895,0,0,,,SMAE 2014,SMAE2014:A_O_A_MUY_BAJOS_EN_GRASA:226
Robalo cocido,,113.3333,24.3333,0,1,0,0,,,SMAE 2014,SMAE2014:A_O_A_MUY_BAJOS_EN_GRASA:225
Robalo fileteado,,87.5,19,0,0.75,0,0,,,SMAE 2014,SMAE2014:A_O_A_MUY_BAJOS_EN_GRASA:227
Roles de canela,,333.3333,6.6667,60,7.3333,0.6667,0,pieza,60,SMAE 2014,SMAE2014:CEREALES_CON_GRASA:173
Rollo de fresa,,333.3333,4.6667,63,7,0.3333,0,pieza,30,SMAE 2014,SMAE2014:CEREALES_CON_GRASA:174
Rollo de frutas,,371.4286,0,85.7143,2.8571,0,0,pieza,21,SMAE 2014,SMAE2014:FRUTAS:196
Romeo picado,,300,5,55,15,0,0,cucharadita,4,SMAE 2014,SMAE2014:ALIMENTOS_LIBRES_EN_ENERGIA:184
Romerito crudo,,36.1111,3.6111,4.8611,0.1389,0.9722,0,,,SMAE 2014,SMAE2014:VERDURAS:138
Romero,,366.6667,6.6667,66.6667,16.6667,0,0,cucharadita,3,SMAE 2014,SMAE2014:ALIMENTOS_LIBRES_EN_ENERGIA:182
Romero deshidratado,,350,5,65,15,0,0,cucharadita,2,SMAE 2014,SMAE2014:ALIMENTOS_LIBRES_EN_ENERGIA:183
Rompope,,235,0,23.5,0,0,0,ml,1,SMAE 2014,SMAE2014:BEBIDAS_ALCOHOLICAS:25
Rompope sin alcohol,,134.375,3.75,13.4375,7.5,0,0,taza,256,SMAE 2014,SMAE2014:AZUCARES_CON_GRASA:70
Ron blanco o añejo,,231.6667,0,0,0,0,0,ml,1,SMAE 2014,SMAE2014:BEBIDAS_ALCOHOLICAS:26
Runner sabor hot sauce,,550,6,54.5,34.5,2.5,0,bolsa,60,SMAE 2014,SMAE2014:CEREALES_CON_GRASA:175
Ruso blanco,,61.6667,0,5.3333,1.3333,0,0,vaso,300,SMAE 2014,SMAE2014:PLATILLOS_BEBIDAS:49
Sabritas ligeras,,485,6,64,23,4,0,,,SMAE 2014,SMAE2014:CEREALES_CON_GRASA:176
Sabritas ligeras citricas,,465,6,61,22,4,0,,,SMAE 2014,SMAE2014:CEREALES_CON_GRASA:177
Sagú,,159.0909,2.5,37.0455,0,1.8182,0,,,SMAE 2014,SMAE2014:CEREALES_SIN_GRASA:328
Sal,,0,0,0,0,0,0,cucharadita,6,SMAE 2014,SMAE2014:ALIMENTOS_LIBRES_EN_ENERGIA:185
Sal de ajo,,80,0,16,0,0,0,cucharadita,5,SMAE 2014,SMAE2014:ALIMENTOS_LIBRES_EN_ENERGIA:186
Sal de apio,,80,0,16,0,0,0,cucharadita,5,SMAE 2014,SMAE2014:ALIMENTOS_LIBRES_EN_ENERGIA:187
Sal de potasio,,0,0,0,0,0,0,cucharadita,5,SMAE 2014,SMAE2014:ALIMENTOS_LIBRES_EN_ENERGIA:188
Salami,,385.1852,23.3333,3.7037,30,0,0,rebanada,9,SMAE 2014,SMAE2014:A_O_A_ALTO_EN_GRASA:128
Salami de pavo,,171.4286,19.2857,1.6667,9.2857,0,0,rebanada,7,SMAE 2014,SMAE2014:A_O_A_MODERADOS_EN_GRASA:60
Salami de ternera,,261.9048,15.2381,2.619,20.9524,0,0,rebanada,7,SMAE 2014,SMAE2014:A_O_A_ALTO_EN_GRASA:129
Salchica de pavo,,196.7213,23.9344,1.6393,10.4918,0,0,pieza,61,SMAE 2014,SMAE2014:A_O_A_MODERADOS_EN_GRASA:61
Salchicha,,335.2941,19.4118,0,28.2353,0,0,pieza,45.33,SMAE 2014,SMAE2014:A_O_A_ALTO_EN_GRASA:130
Salchicha ahumada,,320.5882,12.0588,2.3529,28.8235,0,0,pieza,68,SMAE 2014,SMAE2014:A_O_A_ALTO_EN_GRASA:131
Salchicha de pollo,,294.1176,18.2353,0,23.8235,0,0,pieza,45.33,SMAE 2014,SMAE2014:A_O_A_ALTO_EN_GRASA:132
Salchicha de puerco,,335.2941,19.4118,0,28.2353,0,0,pieza,45.33,SMAE 2014,SMAE2014:A_O_A_ALTO_EN_GRASA:133
Salchicha de ternera,,310.3448,11.7241,1.7241,27.931,0,0,pieza,58,SMAE 2014,SMAE2014:A_O_A_ALTO_EN_GRASA:134
Salchicha vegetariana,,256,18.4,10,18,0,0,pieza,25,SMAE 2014,SMAE2014:A_O_A_MODERADOS_EN_GRASA:62
Salchicha vienna,,229.1667,10.4167,2.5,19.375,0,0,pieza,16,SMAE 2014,SMAE2014:A_O_A_ALTO_EN_GRASA:135
Salchicha vienna ahumada,,226.8293,10.4878,2.6829,19.2683,0,0,pieza,27.33,SMAE 2014,SMAE2014:A_O_A_ALTO_EN_GRASA:136
Salmón,,183.3333,20,0,10.6667,0,0,,,SMAE 2014,SMAE2014:A_O_A_BAJO_EN_GRASA:126
Salmón ahumado,,117.1429,18.2857,0,4.2857,0,0,,,SMAE 2014,SMAE2014:A_O_A_MUY_BAJOS_EN_GRASA:228
Salmón cocido,,183.3333,20,0,10.6667,0,0,,,SMAE 2014,SMAE2014:A_O_A_BAJO_EN_GRASA:127
Salmón de aceite,,202.8571,21.7143,0,14,0,0,,,SMAE 2014,SMAE2014:A_O_A_MODERADOS_EN_GRASA:63
Salmón fresco,,183.3333,20,0,10.6667,0,0,,,SMAE 2014,SMAE2014:A_O_A_BAJO_EN_GRASA:128
Salsa alfredo,,314.2857,5,5.7143,30.7143,0,0,cucharada,14,SMAE 2014,SMAE2014:ACEITES_Y_GRASAS:122
Salsa bearnesa industrializada,,358.8235,13.5294,58.2353,8.8235,0,0,cucharadita,4.25,SMAE 2014,SMAE2014:ACEITES_Y_GRASAS_CON_PROTEINAS:195
Salsa bearnesa industrializada,,358.8235,13.5294,58.2353,8.8235,0,0,cucharadita,4.25,SMAE 2014,SMAE2014:ACEITES_Y_GRASAS_CON_PROTEINAS:92
Salsa bechabel,,146.6667,3.7778,9.1111,10.6667,0,0,cucharada,15,SMAE 2014,SMAE2014:ACEITES_Y_GRASAS_CON_PROTEINAS:196
Salsa bechabel,,146.6667,3.7778,9.1111,10.6667,0,0,cucharada,15,SMAE 2014,SMAE2014:ACEITES_Y_GRASAS_CON_PROTEINAS:93
Salsa blanca,,146.6667,3.7778,9.1111,10.6667,0,0,cucharada,15,SMAE 2014,SMAE2014:ACEITES_Y_GRASAS_CON_PROTEINAS:197
Salsa blanca,,146.6667,3.7778,9.1111,10.6667,0,0,cucharada,15,SMAE 2014,SMAE2014:ACEITES_Y_GRASAS_CON_PROTEINAS:94
Salsa catsup,,96.6667,1.6667,25.3333,0.3333,0,0,cucharada,15,SMAE 2014,SMAE2014:AZUCARES_SIN_GRASA:104
Salsa de ajonjolí,,572.7273,23.6364,20.9091,48.1818,0,0,cucharadita,5.5,SMAE 2014,SMAE2014:ACEITES_Y_GRASAS_CON_PROTEINAS:198
Salsa de ajonjolí,,572.7273,23.6364,20.9091,48.1818,0,0,cucharadita,5.5,SMAE 2014,SMAE2014:ACEITES_Y_GRASAS_CON_PROTEINAS:95
Salsa de arandanos en gelatina enlatada,,148.2759,0.3448,38.2759,0.3448,1.0345,0,rebanada,58,SMAE 2014,SMAE2014:FRUTAS:197
Salsa de barbecue,,75,1.25,12.5,1.25,0,0,cucharada,16,SMAE 2014,SMAE2014:ALIMENTOS_LIBRES_EN_ENERGIA:189
Salsa de cacahuate,,572.7273,23.6364,20.9091,48.1818,0,0,cucharadita,5.5,SMAE 2014,SMAE2014:ACEITES_Y_GRASAS_CON_PROTEINAS:199
Salsa de cacahuate,,572.7273,23.6364,20.9091,48.1818,0,0,cucharadita,5.5,SMAE 2014,SMAE2014:ACEITES_Y_GRASAS_CON_PROTEINAS:96
Salsa de cebollin,,252,1.2,13.2,18.8,0,0,,,SMAE 2014,SMAE2014:AZUCARES_CON_GRASA:71
Salsa de chile,,24.3478,1.0435,4.5217,0.1739,2.4348,0,taza,230,SMAE 2014,SMAE2014:VERDURAS:139
Salsa de epazote,,205,3.25,11.75,15.5,0,0,,,SMAE 2014,SMAE2014:AZUCARES_CON_GRASA:72
Salsa de manzana,,262.5,0.625,66.875,0,0,0,cucharada,16,SMAE 2014,SMAE2014:AZUCARES_SIN_GRASA:105
Salsa de pimienta verde,,96,3.0667,8,5.8667,0,0,cucharada,15,SMAE 2014,SMAE2014:ACEITES_Y_GRASAS_CON_PROTEINAS:200
Salsa de pimienta verde,,96,3.0667,8,5.8667,0,0,cucharada,15,SMAE 2014,SMAE2014:ACEITES_Y_GRASAS_CON_PROTEINAS:97
Salsa de queso,,197.0588,10.2941,5.2941,15,0,0,cucharada,17,SMAE 2014,SMAE2014:ACEITES_Y_GRASAS_CON_PROTEINAS:201
Salsa de queso,,197.0588,10.2941,5.2941,15,0,0,cucharada,17,SMAE 2014,SMAE2014:ACEITES_Y_GRASAS_CON_PROTEINAS:98
Salsa de soya,,60,8,6,0,0,0,cucharadita,5,SMAE 2014,SMAE2014:ALIMENTOS_LIBRES_EN_ENERGIA:190
Salsa de tamarindo,,160,1.2,35.2,2.8,0,0,,,SMAE 2014,SMAE2014:AZUCARES_SIN_GRASA:106
Salsa demiglass,,57.1429,2.0635,11.9048,0.7937,0,0,taza,189,SMAE 2014,SMAE2014:AZUCARES_SIN_GRASA:107
Salsa gravie de champiñones,,50.4348,1.2609,5.5174,2.6957,0.3913,0,taza,230,SMAE 2014,SMAE2014:CEREALES_CON_GRASA:178
Salsa gravie de res,,53.0973,3.7611,4.7788,2.3894,0.4425,0,taza,226,SMAE 2014,SMAE2014:CEREALES_CON_GRASA:179
Salsa holandesa industrializada,,550,11.25,32.5,46.25,0,0,cucharada,16,SMAE 2014,SMAE2014:ACEITES_Y_GRASAS:123
Salsa inglesa,,100,12.5,47.5,6.25,0,0,cucharada,16,SMAE 2014,SMAE2014:ALIMENTOS_LIBRES_EN_ENERGIA:191
Salsa pesto,,275,12.9167,3.75,22.9167,0,0,cucharadita,6,SMAE 2014,SMAE2014:ACEITES_Y_GRASAS_CON_PROTEINAS:202
Salsa pesto,,275,12.9167,3.75,22.9167,0,0,cucharadita,6,SMAE 2014,SMAE2014:ACEITES_Y_GRASAS_CON_PROTEINAS:99
Salsa Tabasco,,16.6667,0,1.6667,0,0,0,cucharadita,6,SMAE 2014,SMAE2014:ALIMENTOS_LIBRES_EN_ENERGIA:192
Salsa tártara industrializada,,325,0,13.125,32.5,0,0,cucharadita,16,SMAE 2014,SMAE2014:ACEITES_Y_GRASAS:124
Salsa tártara sin grasa,,77.4194,0,15.6452,3.2258,0,0,cucharada,15.5,SMAE 2014,SMAE2014:ACEITES_Y_GRASAS:125
Salsa teriyaki,,100,6,16,0,0,0,cucharadita,5,SMAE 2014,SMAE2014:ALIMENTOS_LIBRES_EN_ENERGIA:193
Salsa velouté,,180.9524,2.8571,5.2381,16.1905,0,0,cucharada,14,SMAE 2014,SMAE2014:ACEITES_Y_GRASAS:126
Salsifí,,78.2609,1.3043,17.3913,0,1.7391,0,,,SMAE 2014,SMAE2014:VERDURAS:140
Salvado de trigo,,220.6897,8.2759,84.1379,0.6897,84.1379,0,cucharada,4.83,SMAE 2014,SMAE2014:CEREALES_SIN_GRASA:329
Salvado de trigo,,212.9032,15.4839,63.871,4.1935,42.2581,0,cucharada,3.88,SMAE 2014,SMAE2014:CEREALES_SIN_GRASA:330
Salvia,,300,10,60,10,0,0,cucharadita,1,SMAE 2014,SMAE2014:ALIMENTOS_LIBRES_EN_ENERGIA:194
Sandia picada,,30,0.625,7.5625,0.125,0.375,0,taza,160,SMAE 2014,SMAE2014:FRUTAS:198
Sandia rebanada,,30,0.65,7.55,0.15,0.4,0,rebanada,200,SMAE 2014,SMAE2014:FRUTAS:199
Sandiwich de jamón y queso,,221.6667,0,21.3333,10,0,0,pieza,150,SMAE 2014,SMAE2014:PLATILLOS_PLATOS_FUERTES:69
Sándwich Quaker chocolate,,413.3333,9,55.3333,17.3333,9.3333,0,,,SMAE 2014,SMAE2014:CEREALES_CON_GRASA:180
Saramuyo,,74.1176,2.1176,16.2353,0.9412,0,0,,,SMAE 2014,SMAE2014:FRUTAS:200
Sardina en aceite,,208.3333,24.7222,0,11.3889,0,0,pieza,12,SMAE 2014,SMAE2014:A_O_A_MODERADOS_EN_GRASA:64
Sardina en tomate,,186.8421,20.7895,0.7895,10.5263,0,0,pieza,38,SMAE 2014,SMAE2014:A_O_A_MODERADOS_EN_GRASA:65
Sast orugas,,53.8462,10.7692,0,1.2308,0,0,,,SMAE 2014,SMAE2014:A_O_A_MUY_BAJOS_EN_GRASA:229
Selección de botana mexicana,,620,23,20,50,0,0,cucharada,10,SMAE 2014,SMAE2014:ACEITES_Y_GRASAS_CON_PROTEINAS:100
Selección de botana mexicana,,620,23,20,50,0,0,cucharada,10,SMAE 2014,SMAE2014:ACEITES_Y_GRASAS_CON_PROTEINAS:203
Semilla de anís,,350,20,50,15,0,0,cucharadita,2,SMAE 2014,SMAE2014:ALIMENTOS_LIBRES_EN_ENERGIA:195
Semilla de apio,,400,20,40,25,0,0,cucharadita,2,SMAE 2014,SMAE2014:ALIMENTOS_LIBRES_EN_ENERGIA:196
Semilla de calabaza,,406.6667,22.6667,10.6667,34,0,0,cucharada,10,SMAE 2014,SMAE2014:ACEITES_Y_GRASAS_CON_PROTEINAS:101
Semilla de calabaza,,406.6667,22.6667,10.6667,34,0,0,cucharada,10,SMAE 2014,SMAE2014:ACEITES_Y_GRASAS_CON_PROTEINAS:204
Semilla de calabaza menuda,,325,26.5,15,20.5,0,0,cucharada,10,SMAE 2014,SMAE2014:ACEITES_Y_GRASAS_CON_PROTEINAS:102
Semilla de calabaza menuda,,325,26.5,15,20.5,0,0,cucharada,10,SMAE 2014,SMAE2014:ACEITES_Y_GRASAS_CON_PROTEINAS:205
Semilla de cardamomo,,300,10,70,5,0,0,cucharadita,2,SMAE 2014,SMAE2014:ALIMENTOS_LIBRES_EN_ENERGIA:197
Semilla de chía,,550,27.5,15,46.6667,0,0,cucharadita,2.4,SMAE 2014,SMAE2014:ACEITES_Y_GRASAS_CON_PROTEINAS:103
Semilla de chía,,550,27.5,15,46.6667,0,0,cucharadita,2.4,SMAE 2014,SMAE2014:ACEITES_Y_GRASAS_CON_PROTEINAS:206
Semilla de cilantro,,300,10,55,20,0,0,cucharadita,2,SMAE 2014,SMAE2014:ALIMENTOS_LIBRES_EN_ENERGIA:198
Semilla de eneldo,,300,15,55,15,0,0,cucharadita,2,SMAE 2014,SMAE2014:ALIMENTOS_LIBRES_EN_ENERGIA:199
Semilla de girasol,,575,22.5,17.5,50,0,0,cucharadita,3,SMAE 2014,SMAE2014:ACEITES_Y_GRASAS_CON_PROTEINAS:104
Semilla de girasol,,575,22.5,17.5,50,0,0,cucharadita,3,SMAE 2014,SMAE2014:ACEITES_Y_GRASAS_CON_PROTEINAS:207
Semilla de girasol tostada,,591.6667,20,24.1667,50,0,0,cucharadita,3,SMAE 2014,SMAE2014:ACEITES_Y_GRASAS_CON_PROTEINAS:105
Semilla de girasol tostada,,591.6667,20,24.1667,50,0,0,cucharadita,3,SMAE 2014,SMAE2014:ACEITES_Y_GRASAS_CON_PROTEINAS:208
Semilla de guaje verde,,96.5517,8.6207,13.7931,0.6897,1.7241,0,,,SMAE 2014,SMAE2014:VERDURAS:141
Semilla de jinicuil,,145,12,27,1,1,0,,,SMAE 2014,SMAE2014:FRUTAS:201
Semilla de mosraza,,350,20,25,25,0,0,cucharadita,4,SMAE 2014,SMAE2014:ALIMENTOS_LIBRES_EN_ENERGIA:200
Semolina,,360,12.5,73,1,4,0,,,SMAE 2014,SMAE2014:CEREALES_SIN_GRASA:332
Semora de maíz preparada,,59.5041,1.405,12.8926,0.2479,0.3306,0,taza,242,SMAE 2014,SMAE2014:CEREALES_SIN_GRASA:331
Senzo,,481.8182,5,62.7273,23.1818,2.2727,0,pieza,11,SMAE 2014,SMAE2014:CEREALES_CON_GRASA:181
Sesos de cerdo cocidos,,138,12.2,0,9.6,0,0,,,SMAE 2014,SMAE2014:A_O_A_MODERADOS_EN_GRASA:66
Sesos de cordero cocidos,,146,12.6,0,10.2,0,0,,,SMAE 2014,SMAE2014:A_O_A_MODERADOS_EN_GRASA:67
Sesos de res cocidos,,151.6667,11.6667,1.5,10.5,0,0,,,SMAE 2014,SMAE2014:A_O_A_ALTO_EN_GRASA:137
Sesos de res crudos,,141.8919,10.8108,1.0811,10.2703,0,0,,,SMAE 2014,SMAE2014:A_O_A_ALTO_EN_GRASA:138
Sesos de res fritos,,196.3636,12.5455,0,15.8182,0,0,,,SMAE 2014,SMAE2014:A_O_A_ALTO_EN_GRASA:139
Sesos de ternera cocidos,,136,11.4,0,9.6,0,0,,,SMAE 2014,SMAE2014:A_O_A_MODERADOS_EN_GRASA:68
Setas cocidas,,26.9231,3.2051,4.359,0.3846,2.5641,0,taza,156,SMAE 2014,SMAE2014:VERDURAS:142
Setas crudas,,27.0588,3.1765,4.3529,0.3529,2.4706,0,,,SMAE 2014,SMAE2014:VERDURAS:143
Short loin,,216,28.8,0,10.4,0,0,,,SMAE 2014,SMAE2014:A_O_A_BAJO_EN_GRASA:129
Sidra,,50,0,6,0,0,0,copa,150,SMAE 2014,SMAE2014:BEBIDAS_ALCOHOLICAS:27
Sidral de dieta,,0.2817,0,0.0282,0,0,0,lata,355,SMAE 2014,SMAE2014:ALIMENTOS_LIBRES_EN_ENERGIA:201
Sidral light,,0.2817,0,0.0282,0,0,0,lata,355,SMAE 2014,SMAE2014:ALIMENTOS_LIBRES_EN_ENERGIA:202
Sierra,,205.2632,19.2105,0,13.6842,0,0,,,SMAE 2014,SMAE2014:A_O_A_MODERADOS_EN_GRASA:69
Sierra ahumada,,170,24.3333,0,7.3333,0,0,,,SMAE 2014,SMAE2014:A_O_A_BAJO_EN_GRASA:130
Sierra fileteada,,208.5714,19.4286,0,14,0,0,,,SMAE 2014,SMAE2014:A_O_A_MODERADOS_EN_GRASA:70
Sierra picada,,208.5714,19.4286,0,14,0,0,,,SMAE 2014,SMAE2014:A_O_A_MODERADOS_EN_GRASA:71
Sincronizadas,,221.6667,0,21.3333,10,0,0,pieza,150,SMAE 2014,SMAE2014:PLATILLOS_PLATOS_FUERTES:70
Sirloin,,204,30.4,0,8,0,0,,,SMAE 2014,SMAE2014:A_O_A_BAJO_EN_GRASA:131
Skwinkes clásicos,,350,5,81,2,0,0,paquete,20,SMAE 2014,SMAE2014:AZUCARES_SIN_GRASA:108
Snack mix nabisco 100 Kcal,,450,9.0909,72.7273,13.6364,4.5455,0,paquete,22,SMAE 2014,SMAE2014:CEREALES_CON_GRASA:182
So be rush,,52.5253,0.404,10.8081,0,0,0,lata,297,SMAE 2014,SMAE2014:AZUCARES_SIN_GRASA:109
Sofúl 40LT con Lactobacillus casei shirota*,,37.5,1.25,10.5,0.0625,0,0,envase,80,SMAE 2014,SMAE2014:PRODUCTOS_YAKULT:7
Sofúl bebible fresa con Lactobacillus casei Shirota,,86.0465,2.8837,15.0233,1.4884,0,0,envase,215,SMAE 2014,SMAE2014:PRODUCTOS_YAKULT:15
Sofúl bebible mango con Lactobacillus casei Shirota,,72.093,2.8837,14.6047,0.186,0,0,envase,215,SMAE 2014,SMAE2014:PRODUCTOS_YAKULT:16
Sofúl bebible natural con Lactobacillus casei Shirota,,66.1972,2.8169,12.3944,0.6103,0,0,envase,213,SMAE 2014,SMAE2014:PRODUCTOS_YAKULT:17
Sofúl con Lactobacillus casei Shirota*,,68.75,1.25,15.875,0.0417,0,0,envase,80,SMAE 2014,SMAE2014:PRODUCTOS_YAKULT:18
Sofúl LT fresa con Lactobacillus casei shirota,,60.3774,4.0252,10.7547,0.1887,0,0,envase,106,SMAE 2014,SMAE2014:PRODUCTOS_YAKULT:4
Sofúl LT mango con Lactobacillus casei shirota,,60.3774,4.0252,10.6289,0.1887,0,0,envase,106,SMAE 2014,SMAE2014:PRODUCTOS_YAKULT:5
Sofúl LT manzana con Lactobacillus casei shirota,,56.6038,4.0252,9.6855,0.1887,0,0,envase,106,SMAE 2014,SMAE2014:PRODUCTOS_YAKULT:6
Sopa de cereal,,41.1458,0,6.6667,1.0417,0,0,taza,240,SMAE 2014,SMAE2014:PLATILLOS_SOPAS:21
Sopa de cereal con verdura,,36.4583,0,5.5208,1.0417,0,0,taza,240,SMAE 2014,SMAE2014:PLATILLOS_SOPAS:25
Sopa de codito con acelgas,,36.4583,0,5.5208,1.0417,0,0,taza,240,SMAE 2014,SMAE2014:PLATILLOS_SOPAS:28
Sopa de espinacas,,25,0,2.5,1.0417,0,0,taza,240,SMAE 2014,SMAE2014:PLATILLOS_SOPAS:12
Sopa de fideo con espinacas,,36.4583,0,5.5208,1.0417,0,0,taza,240,SMAE 2014,SMAE2014:PLATILLOS_SOPAS:26
Sopa de frijol,,58.8542,0,6.6667,2.3958,0,0,taza,240,SMAE 2014,SMAE2014:PLATILLOS_SOPAS:34
Sopa de habas,,58.8542,0,6.6667,2.3958,0,0,taza,240,SMAE 2014,SMAE2014:PLATILLOS_SOPAS:35
Sopa de hongos con flor,,25,0,2.5,1.0417,0,0,taza,240,SMAE 2014,SMAE2014:PLATILLOS_SOPAS:14
Sopa de huevo,,21.3542,0,0.8333,1.1458,0,0,taza,240,SMAE 2014,SMAE2014:PLATILLOS_SOPAS:39
Sopa de leguminosas,,58.8542,0,6.6667,2.3958,0,0,taza,240,SMAE 2014,SMAE2014:PLATILLOS_SOPAS:33
Sopa de lentejas,,58.8542,0,6.6667,2.3958,0,0,taza,240,SMAE 2014,SMAE2014:PLATILLOS_SOPAS:36
Sopa de letra con zanahoria,,36.4583,0,5.5208,1.0417,0,0,taza,240,SMAE 2014,SMAE2014:PLATILLOS_SOPAS:29
Sopa de nopal,,25,0,2.5,1.0417,0,0,taza,240,SMAE 2014,SMAE2014:PLATILLOS_SOPAS:13
Sopa de pasta,,41.1458,0,6.6667,1.0417,0,0,taza,240,SMAE 2014,SMAE2014:PLATILLOS_SOPAS:22
Sopa de pescado,,21.3542,0,0.8333,1.1458,0,0,taza,240,SMAE 2014,SMAE2014:PLATILLOS_SOPAS:40
Sopa de poro y papa,,36.4583,0,5.5208,1.0417,0,0,taza,240,SMAE 2014,SMAE2014:PLATILLOS_SOPAS:27
Sopa de tapioca,,41.1458,0,6.6667,1.0417,0,0,taza,240,SMAE 2014,SMAE2014:PLATILLOS_SOPAS:23
Sopa de tortilla,,41.1458,0,6.6667,1.0417,0,0,taza,240,SMAE 2014,SMAE2014:PLATILLOS_SOPAS:24
Sopa de verdura,,25,0,2.5,1.0417,0,0,taza,240,SMAE 2014,SMAE2014:PLATILLOS_SOPAS:11
Sopa instan ramen sin preparar,,134,4,22.6,2,1.4,0,,,SMAE 2014,SMAE2014:CEREALES_SIN_GRASA:333
Sopa juliana,,25,0,2.5,1.0417,0,0,taza,240,SMAE 2014,SMAE2014:PLATILLOS_SOPAS:15
Sopas de verduras,,25,0,2.5,1.0417,0,0,taza,240,SMAE 2014,SMAE2014:PLATILLOS_SOPAS:9
Sorgo,,338.8889,11.1111,74.4444,3.3333,0,0,cucharada,12,SMAE 2014,SMAE2014:CEREALES_SIN_GRASA:334
Soya cocida,,171.9298,16.4912,9.8246,8.9474,5.9649,0,taza,171,SMAE 2014,SMAE2014:LEGUMINOSAS:37
Soya texturizada,,316.6667,38.6667,39,3,18,0,,,SMAE 2014,SMAE2014:LEGUMINOSAS:38
Squirt de dieta,,0.2817,0,0.0282,0,0,0,lata,355,SMAE 2014,SMAE2014:ALIMENTOS_LIBRES_EN_ENERGIA:203
Squirt light,,0.2817,0,0.0282,0,0,0,lata,355,SMAE 2014,SMAE2014:ALIMENTOS_LIBRES_EN_ENERGIA:204
Strudel de manzana,,275,3.25,41.25,11.25,2.25,0,rebanada,40,SMAE 2014,SMAE2014:CEREALES_CON_GRASA:183
Suarero crudo,,262.069,26.8966,0,16.5517,0,0,,,SMAE 2014,SMAE2014:A_O_A_MODERADOS_EN_GRASA:72
Suirimi imitacion camaron,,100,12.25,9.25,1.5,0,0,,,SMAE 2014,SMAE2014:A_O_A_MUY_BAJOS_EN_GRASA:231
Surimi,,97.5,15,6.75,1,0,0,barra,60,SMAE 2014,SMAE2014:A_O_A_MUY_BAJOS_EN_GRASA:230
Sustituto de huevo en polvo,,446.6667,55.3333,22,13.3333,0,0,cucharada,5,SMAE 2014,SMAE2014:A_O_A_BAJO_EN_GRASA:132
Sustituto de huevo liquido,,85,11.8333,0.6667,3.3333,0,0,cucharada,15,SMAE 2014,SMAE2014:A_O_A_BAJO_EN_GRASA:133
Sustituto de queso mozzarella,,246.4286,11.4286,23.5714,12.1429,0,0,rebanada,28,SMAE 2014,SMAE2014:A_O_A_MODERADOS_EN_GRASA:73
T-bone con grasa cocido,,300,23.125,0,22.5,0,0,,,SMAE 2014,SMAE2014:A_O_A_ALTO_EN_GRASA:140
T-bone sin grasa,,204.1667,26.6667,0,10,0,0,,,SMAE 2014,SMAE2014:A_O_A_BAJO_EN_GRASA:134
Tacos al pastor,,221.6667,0,21.3333,10,0,0,pieza,50,SMAE 2014,SMAE2014:PLATILLOS_PLATOS_FUERTES:55
Tacos de barbacoa,,221.6667,0,21.3333,10,0,0,pieza,75,SMAE 2014,SMAE2014:PLATILLOS_PLATOS_FUERTES:56
Tacos de canasta,,221.6667,0,21.3333,10,0,0,pieza,75,SMAE 2014,SMAE2014:PLATILLOS_PLATOS_FUERTES:52
Tacos de canasta,,221.6667,0,21.3333,10,0,0,pieza,50,SMAE 2014,SMAE2014:PLATILLOS_PLATOS_FUERTES:57
Tacos de carnitas,,221.6667,0,21.3333,10,0,0,pieza,75,SMAE 2014,SMAE2014:PLATILLOS_PLATOS_FUERTES:58
Tacos de guisado,,221.6667,0,21.3333,10,0,0,pieza,75,SMAE 2014,SMAE2014:PLATILLOS_PLATOS_FUERTES:53
Tacos de guisado,,221.6667,0,21.3333,10,0,0,pieza,75,SMAE 2014,SMAE2014:PLATILLOS_PLATOS_FUERTES:59
Tallarin al chipotle,,98.8095,0,14.2857,3.5714,0,0,taza,210,SMAE 2014,SMAE2014:PLATILLOS_SOPAS:60
Tallarin cocido,,375,12.5,75.625,1.875,0.625,0,taza,48,SMAE 2014,SMAE2014:CEREALES_SIN_GRASA:335
Tallarin crudo,,370,12.5,75,1,0.5,0,,,SMAE 2014,SMAE2014:CEREALES_SIN_GRASA:336
Tamal,,456.25,0,58.75,15.625,0,0,pieza,80,SMAE 2014,SMAE2014:PLATILLOS_PLATOS_FUERTES:78
Tamal de carne,,255,7.75,22,15,0.25,0,pieza,200,SMAE 2014,SMAE2014:CEREALES_CON_GRASA:184
Tamal de elote,,215,2.75,24.75,10.75,1,0,pieza,200,SMAE 2014,SMAE2014:CEREALES_CON_GRASA:185
Tamal de frijol,,257.5,3.75,22.75,18,1,0,pieza,200,SMAE 2014,SMAE2014:CEREALES_CON_GRASA:186
Tamal de queso con rajas,,260,5,22.75,17.75,1,0,pieza,200,SMAE 2014,SMAE2014:CEREALES_CON_GRASA:187
Tamal rojo,,302.9412,2.6471,32.3529,19.1176,0.5882,0,pieza,204,SMAE 2014,SMAE2014:CEREALES_CON_GRASA:188
Tamal verde,,302.9412,2.6471,32.3529,19.1176,0.5882,0,pieza,204,SMAE 2014,SMAE2014:CEREALES_CON_GRASA:189
Tamarindo,,240,2.8,62.4,0.4,5.2,0,,,SMAE 2014,SMAE2014:FRUTAS:202
Tamarindo (pulpa sin azúcar),,57,0.1,14.7,0.1,0.5,0,cucharada,12.5,SMAE 2014,SMAE2014:FRUTAS:203
Tamarindo pelado,,240,3,62.6667,0.6667,5,0,taza,120,SMAE 2014,SMAE2014:FRUTAS:204
Tampiqueña,,120,24,0,2.6667,0,0,pieza,120,SMAE 2014,SMAE2014:A_O_A_MUY_BAJOS_EN_GRASA:232
Tampiqueña de filete,,120,24,0,2.6667,0,0,pieza,120,SMAE 2014,SMAE2014:A_O_A_MUY_BAJOS_EN_GRASA:233
Tangerina,,43.75,0.4688,11.9531,0.2344,0.3125,0,pieza,64,SMAE 2014,SMAE2014:FRUTAS:205
Tapioca,,342.1053,0,85.2632,0,0,0,cucharada,9.5,SMAE 2014,SMAE2014:CEREALES_SIN_GRASA:337
Tarta de frutas,,231.25,0,40.625,6.25,0,0,pieza,20,SMAE 2014,SMAE2014:PLATILLOS_POSTRES:33
Tejocote,,86.6667,0.8333,21.8333,0.6667,2.6667,0,pieza,30,SMAE 2014,SMAE2014:FRUTAS:206
Telera,,269.5652,7.8261,50,3.4783,2.6087,0,pieza,69,SMAE 2014,SMAE2014:CEREALES_SIN_GRASA:338
Tequila,,265.4545,0,0,0,0,0,ml,1,SMAE 2014,SMAE2014:BEBIDAS_ALCOHOLICAS:28
Tequilla con refresco de toronja,,63.3333,0,10,0,0,0,vaso,300,SMAE 2014,SMAE2014:PLATILLOS_BEBIDAS:41
Ternera,,157.1429,19.7143,0,8,0,0,,,SMAE 2014,SMAE2014:A_O_A_BAJO_EN_GRASA:135
Ternera al horno en su jugo,,247.5,0,0,17.5,0,0,rebanada,50,SMAE 2014,SMAE2014:PLATILLOS_PLATOS_FUERTES:9
Ternera en canal,,155.2632,19.7368,0,7.8947,0,0,,,SMAE 2014,SMAE2014:A_O_A_BAJO_EN_GRASA:136
Tlacoyos,,221.6667,0,21.3333,10,0,0,pieza,75,SMAE 2014,SMAE2014:PLATILLOS_PLATOS_FUERTES:60
Tocino,,550,8.75,0,57.5,0,0,rebanada delgada,8,SMAE 2014,SMAE2014:ACEITES_Y_GRASAS:127
Tocino ahumado,,550,8.75,0,57.5,0,0,rebanada delgada,8,SMAE 2014,SMAE2014:ACEITES_Y_GRASAS:128
Tocino en lonja,,550,8.75,0,57.5,0,0,,,SMAE 2014,SMAE2014:ACEITES_Y_GRASAS:129
Tocino frito,,557.1429,8.5714,0,57.1429,0,0,rebanada,7,SMAE 2014,SMAE2014:ACEITES_Y_GRASAS:130
Tocino imitación,,410,10,1,39,0,0,cucharada,10,SMAE 2014,SMAE2014:ACEITES_Y_GRASAS:131
Tocino vegetariano,,315,11.5,6.5,30,0,0,rebanada,10,SMAE 2014,SMAE2014:ACEITES_Y_GRASAS_CON_PROTEINAS:106
Tocino vegetariano,,315,11.5,6.5,30,0,0,rebanada,10,SMAE 2014,SMAE2014:ACEITES_Y_GRASAS_CON_PROTEINAS:209
"Tofu, firme",,145,15.75,4.25,8.75,0,0,,,SMAE 2014,SMAE2014:A_O_A_BAJO_EN_GRASA:137
"Tofu, frito",,270,17,10.75,20,0,0,,,SMAE 2014,SMAE2014:A_O_A_ALTO_EN_GRASA:141
Tomate verde,,24.4186,1.0465,4.5349,0.2326,2.4419,0,pieza,17.2,SMAE 2014,SMAE2014:VERDURAS:144
Tomatitos (tomatiles),,40,3.5385,6.3077,0.1538,1.2308,0,,,SMAE 2014,SMAE2014:VERDURAS:145
Tomillo,,350,10,65,10,0,0,cucharadita,2,SMAE 2014,SMAE2014:ALIMENTOS_LIBRES_EN_ENERGIA:205
Toronja,,33.3333,0.5556,8.4568,0.1235,1.1111,0,pieza,162,SMAE 2014,SMAE2014:FRUTAS:207
Toronja en gajos,,33.3333,0.5333,8.4,0.1333,1.1333,0,taza,150,SMAE 2014,SMAE2014:FRUTAS:208
Toronja enlatada con jugo,,36.8,0.72,9.2,0.08,0.4,0,taza,250,SMAE 2014,SMAE2014:FRUTAS:209
Toronjas en almibar,,59.8425,0.5512,15.4331,0.1575,0.3937,0,taza,254,SMAE 2014,SMAE2014:FRUTAS:210
Tortas de papa con verdura,,160,0,22.6667,3.3333,0,0,pieza,75,SMAE 2014,SMAE2014:PLATILLOS_PLATOS_FUERTES:85
Tortilla,,213.3333,4.6667,45.3333,1.6667,2,0,pieza,30,SMAE 2014,SMAE2014:CEREALES_SIN_GRASA:339
"Tortilla con salsa, crema y queso",,168.75,0,21.25,6.25,0,0,taza,160,SMAE 2014,SMAE2014:PLATILLOS_DE_DESAYUNO:29
Tortilla de harina,,285.7143,6.7857,47.8571,6.7857,0.3571,0,pieza,28,SMAE 2014,SMAE2014:CEREALES_CON_GRASA:190
Tortilla de harina integral,,292.8571,8.9286,40.7143,10.3571,4.2857,0,pieza,28,SMAE 2014,SMAE2014:CEREALES_CON_GRASA:191
Tortilla de maíz,,213.3333,4.6667,45.3333,1.6667,2,0,pieza,30,SMAE 2014,SMAE2014:CEREALES_SIN_GRASA:340
Tortilla de maíz amarillo,,212.5,4.6875,45.3125,1.875,2.1875,0,pieza,32,SMAE 2014,SMAE2014:CEREALES_SIN_GRASA:341
Tortilla de maíz azul o negro,,218.75,5,44.0625,2.8125,0.9375,0,pieza,32,SMAE 2014,SMAE2014:CEREALES_SIN_GRASA:342
Tortilla de maíz y soya,,227.2727,6.6667,41.8182,4.2424,2.1212,0,pieza,33,SMAE 2014,SMAE2014:CEREALES_SIN_GRASA:344
Tortilla de maíz y trigo,,228.125,10,46.5625,1.5625,4.375,0,pieza,32,SMAE 2014,SMAE2014:CEREALES_SIN_GRASA:345
Tortilla de mapiz blanco,,223.3333,6,47.3333,1.6667,4.3333,0,pieza,30,SMAE 2014,SMAE2014:CEREALES_SIN_GRASA:343
Tortilla de nopal,,86.9565,4.6377,18.9855,1.7391,13.0435,0,pieza,23,SMAE 2014,SMAE2014:CEREALES_SIN_GRASA:346
Tortilla española,,257.3529,0,11.7647,14.7059,0,0,pieza,85,SMAE 2014,SMAE2014:PLATILLOS_DE_DESAYUNO:24
Tortitas de papa,,250,0,37.5,8.3333,0,0,pieza,60,SMAE 2014,SMAE2014:PLATILLOS_GUARNICIONES:62
Tostada,,516.6667,6.6667,62.2222,27.2222,6.6667,0,pieza,12,SMAE 2014,SMAE2014:CEREALES_CON_GRASA:192
Tostada de maíz horneada,,365,10,80,6.5,10,0,pieza,10,SMAE 2014,SMAE2014:CEREALES_SIN_GRASA:347
Tostada rayada,,516.6667,6.6667,62.2222,27.2222,6.6667,0,pieza,12,SMAE 2014,SMAE2014:CEREALES_CON_GRASA:193
Tostada tipo jalisco,,516.6667,6.6667,62.2222,27.2222,6.6667,0,pieza,12,SMAE 2014,SMAE2014:CEREALES_CON_GRASA:194
Tostadas de pollo o chorizo,,184.7222,0,17.7778,8.3333,0,0,pieza,90,SMAE 2014,SMAE2014:PLATILLOS_PLATOS_FUERTES:61
Tostadas de tinga,,221.6667,0,21.3333,10,0,0,pieza,75,SMAE 2014,SMAE2014:PLATILLOS_PLATOS_FUERTES:54
Tostadas vegetarianas,,184.7222,0,17.7778,8.3333,0,0,pieza,90,SMAE 2014,SMAE2014:PLATILLOS_PLATOS_FUERTES:62
Totopos de maíz,,436,5.6,54,22.4,5.6,0,,,SMAE 2014,SMAE2014:CEREALES_CON_GRASA:195
Tpstada de nopal horneada,,335,6.5,76.5,6.5,13.5,0,pieza,10,SMAE 2014,SMAE2014:CEREALES_SIN_GRASA:348
Trenza glaseada,,404.7619,3.3333,58.0952,18.0952,1.4286,0,pieza,42,SMAE 2014,SMAE2014:CEREALES_CON_GRASA:196
Tribu *,,47.619,0.4762,11.1111,0,0,0,lata,252,SMAE 2014,SMAE2014:AZUCARES_SIN_GRASA:111
Trigo,,338.0952,10.4762,73.3333,2.381,3.3333,0,cucharada,14,SMAE 2014,SMAE2014:CEREALES_SIN_GRASA:349
Trigo cocido,,333.3333,10.4762,71.9048,2.381,3.3333,0,cucharada,14,SMAE 2014,SMAE2014:CEREALES_SIN_GRASA:350
Trigo entero,,331.5789,10.5263,72.6316,2.6316,3.1579,0,cucharada,9.5,SMAE 2014,SMAE2014:CEREALES_SIN_GRASA:351
Trigo negro,,345,11.5,69,2.5,10.5,0,,,SMAE 2014,SMAE2014:CEREALES_SIN_GRASA:352
trigo triturado,,330,10.5,71.5,2.5,3,0,cucharada,13.33,SMAE 2014,SMAE2014:CEREALES_SIN_GRASA:353
Tripas de res,,218,11.2,0,19,0,0,,,SMAE 2014,SMAE2014:A_O_A_ALTO_EN_GRASA:142
Trucha,,168.75,18.4375,0,10,0,0,,,SMAE 2014,SMAE2014:A_O_A_BAJO_EN_GRASA:138
Trucha ahumada,,170,24.3333,0,7.3333,0,0,,,SMAE 2014,SMAE2014:A_O_A_BAJO_EN_GRASA:139
Trucha cocida,,170,24.3333,0,7.3333,0,0,,,SMAE 2014,SMAE2014:A_O_A_BAJO_EN_GRASA:140
Trucha fileteada,,168.5714,18.2857,0,10,0,0,,,SMAE 2014,SMAE2014:A_O_A_BAJO_EN_GRASA:141
Trucha fresca,,120,20.5714,0,3.4286,0,0,,,SMAE 2014,SMAE2014:A_O_A_MUY_BAJOS_EN_GRASA:234
Tuna,,40.5797,0.7246,9.5652,0.5072,3.6232,0,pieza,69,SMAE 2014,SMAE2014:FRUTAS:211
Tuna cardona,,40.5797,0.7246,9.5652,0.5072,3.6232,0,pieza,69,SMAE 2014,SMAE2014:FRUTAS:212
Tuna picada,,41.3333,0.7333,9.6,0.5333,3.6,0,taza,150,SMAE 2014,SMAE2014:FRUTAS:213
Tuna roja,,40.5797,0.7246,9.5652,0.5072,3.6232,0,pieza,69,SMAE 2014,SMAE2014:FRUTAS:214
Ubre,,233.3333,15.3333,0,18.6667,0,0,,,SMAE 2014,SMAE2014:A_O_A_ALTO_EN_GRASA:143
Uva,,70.9302,0.6977,17.7907,0.5814,1.2791,0,pieza,4.78,SMAE 2014,SMAE2014:FRUTAS:215
Uva blanca,,67.8161,0.6897,17.2414,0.3448,0.9195,0,taza,87,SMAE 2014,SMAE2014:FRUTAS:216
Uva con semilla,,66.6667,0.614,17.193,0.3509,0.8772,0,taza,114,SMAE 2014,SMAE2014:FRUTAS:217
Uva roja,,66.6667,0.614,17.193,0.3509,0.8772,0,taza,114,SMAE 2014,SMAE2014:FRUTAS:218
Uva sin semilla,,63.2184,0.6897,17.2414,0.3448,1.0345,0,taza,87,SMAE 2014,SMAE2014:FRUTAS:219
Uva verde,,63.2184,0.6897,17.2414,0.3448,1.0345,0,taza,87,SMAE 2014,SMAE2014:FRUTAS:220
Uva verde sin semilla,,63.2184,0.6897,17.2414,0.3448,1.0345,0,taza,87,SMAE 2014,SMAE2014:FRUTAS:221
Uvas enlatadas en agua,,39.8374,0.4878,10.2439,0.1626,0.6504,0,taza,246,SMAE 2014,SMAE2014:FRUTAS:222
Vainilla,,160,0,8,0,0,0,cucharadita,5,SMAE 2014,SMAE2014:ALIMENTOS_LIBRES_EN_ENERGIA:206
Vainilla en trozo,,200,3.3333,66.6667,3.3333,0,0,raja,12,SMAE 2014,SMAE2014:ALIMENTOS_LIBRES_EN_ENERGIA:207
Velveta,,285.7143,18,10.8571,21.4286,0,0,,,SMAE 2014,SMAE2014:A_O_A_ALTO_EN_GRASA:144
Venado cocido (carne magra),,182.6087,26.087,0,7.8261,0,0,,,SMAE 2014,SMAE2014:A_O_A_MUY_BAJOS_EN_GRASA:235
Venado crudo (carne magra),,155.5556,21.8519,0,7.037,0,0,,,SMAE 2014,SMAE2014:A_O_A_MUY_BAJOS_EN_GRASA:236
Verdolaga cocida,,18.2609,1.4783,3.5652,0.1739,0.7826,0,taza,115,SMAE 2014,SMAE2014:VERDURAS:146
Verdolaga cruda limpia,,16.1458,1.3021,3.4375,0.1042,0.7813,0,taza,96,SMAE 2014,SMAE2014:VERDURAS:147
"Verdura (mexcla) congelada, cocida sin sal",,65.2174,2.8261,10,0.2174,4.3478,0,taza,92,SMAE 2014,SMAE2014:VERDURAS:148
Verduras al vapor y con limón,,19.2308,0,3.0769,0,0,0,taza,260,SMAE 2014,SMAE2014:PLATILLOS_GUARNICIONES:18
"Verduras cocidas con crema, tocino o mayonesa",,77.0833,0,3.3333,6.25,0,0,taza,240,SMAE 2014,SMAE2014:PLATILLOS_GUARNICIONES:31
"Verduras cocidas con crema, tocino o mayonesa",,77.0833,0,3.3333,6.25,0,0,taza,240,SMAE 2014,SMAE2014:PLATILLOS_GUARNICIONES:32
Verduras con vinagreta,,39.5833,0,3.3333,2.0833,0,0,taza,240,SMAE 2014,SMAE2014:PLATILLOS_GUARNICIONES:26
Verduras estofadas,,39.5833,0,3.3333,2.0833,0,0,taza,240,SMAE 2014,SMAE2014:PLATILLOS_GUARNICIONES:27
Verduras gratinadas,,40.625,0,2.5,2.0833,0,0,taza,240,SMAE 2014,SMAE2014:PLATILLOS_GUARNICIONES:36
Verduras guisadas,,39.5833,0,3.3333,2.0833,0,0,taza,240,SMAE 2014,SMAE2014:PLATILLOS_GUARNICIONES:22
Vermouth seco,,223.3333,0,0.3333,0,0,0,ml,1,SMAE 2014,SMAE2014:BEBIDAS_ALCOHOLICAS:29
Viangre de manzana,,20,0,6,0,0,0,cucharadita,5,SMAE 2014,SMAE2014:ALIMENTOS_LIBRES_EN_ENERGIA:214
Vinagre,,20,0,6,0,0,0,cucharadita,5,SMAE 2014,SMAE2014:ALIMENTOS_LIBRES_EN_ENERGIA:208
Vinagre balsámico,,20,0,6,0,0,0,cucharadita,5,SMAE 2014,SMAE2014:ALIMENTOS_LIBRES_EN_ENERGIA:209
Vinagre blanco,,20,0,6,0,0,0,cucharadita,5,SMAE 2014,SMAE2014:ALIMENTOS_LIBRES_EN_ENERGIA:210
Vinagre de caña,,20,0,6,0,0,0,cucharadita,5,SMAE 2014,SMAE2014:ALIMENTOS_LIBRES_EN_ENERGIA:211
Vinagre de fruta,,20,0,6,0,0,0,cucharadita,5,SMAE 2014,SMAE2014:ALIMENTOS_LIBRES_EN_ENERGIA:212
Vinagre de jeréz,,20,0,6,0,0,0,cucharadita,5,SMAE 2014,SMAE2014:ALIMENTOS_LIBRES_EN_ENERGIA:213
Vinagre de sidra,,20,0,6,0,0,0,cucharadita,5,SMAE 2014,SMAE2014:ALIMENTOS_LIBRES_EN_ENERGIA:215
Vinagre de vino,,20,0,6,0,0,0,cucharadita,5,SMAE 2014,SMAE2014:ALIMENTOS_LIBRES_EN_ENERGIA:216
Vinagre de yema,,20,0,6,0,0,0,cucharadita,5,SMAE 2014,SMAE2014:ALIMENTOS_LIBRES_EN_ENERGIA:217
Vinagreta,,450,0,2.5,50,0,0,cucharada,16,SMAE 2014,SMAE2014:ACEITES_Y_GRASAS:132
Vinagreta baja en calorías,,47.5,0,9.375,0,0,0,cucharada,16,SMAE 2014,SMAE2014:ACEITES_Y_GRASAS:133
Vinagreta comercial,,200,0,13.0435,16.5217,0,0,,,SMAE 2014,SMAE2014:ACEITES_Y_GRASAS:134
Vino (12.2 % alcohol),,137,0,7.7,0,0,0,copa,100,SMAE 2014,SMAE2014:BEBIDAS_ALCOHOLICAS:30
Vino blanco dulce,,160,0,13.7,0,0,0,copa,100,SMAE 2014,SMAE2014:BEBIDAS_ALCOHOLICAS:31
Vino blanco seco,,82,0,2.6,0,0,0,copa,100,SMAE 2014,SMAE2014:BEBIDAS_ALCOHOLICAS:32
Vino de manzana,,127.3333,0,10,0,0,0,copa,150,SMAE 2014,SMAE2014:BEBIDAS_ALCOHOLICAS:33
Vino de meza,,83,0,2.7,0,0,0,copa,100,SMAE 2014,SMAE2014:BEBIDAS_ALCOHOLICAS:34
Vino espumoso,,67.3333,0,1.5333,0,0,0,copa,150,SMAE 2014,SMAE2014:BEBIDAS_ALCOHOLICAS:35
Vino rosado,,67,0,1.35,0,0,0,copa,100,SMAE 2014,SMAE2014:BEBIDAS_ALCOHOLICAS:36
Vino tinto,,85,0,2.6,0,0,0,copa,100,SMAE 2014,SMAE2014:BEBIDAS_ALCOHOLICAS:37
Vitalinea sólido,,44,4.2,6.6,0,0,0,pieza,150,SMAE 2014,SMAE2014:LECHE_DESCREMADA:25
Vitalinez bebible,,30,2.68,4.6,0,0,0,pieza,250,SMAE 2014,SMAE2014:LECHE_DESCREMADA:24
Vodka,,231.6667,0,0,0,0,0,ml,1,SMAE 2014,SMAE2014:BEBIDAS_ALCOHOLICAS:38
Vodka tonic,,63.3333,0,10,0,0,0,vaso,300,SMAE 2014,SMAE2014:PLATILLOS_BEBIDAS:43
Wafle,,285.7143,6.5714,43.1429,9.7143,2.2857,0,pieza,35,SMAE 2014,SMAE2014:CEREALES_CON_GRASA:197
Wafle con mantequilla,,277.1429,6.5714,39.7143,10.8571,1.7143,0,pieza,35,SMAE 2014,SMAE2014:CEREALES_CON_GRASA:198
Wafle estilo casero,,277.4194,6.4516,40,10.6452,1.2903,0,pieza,31,SMAE 2014,SMAE2014:CEREALES_CON_GRASA:199
Wafle integral,,240,6.5714,37.7143,8.2857,4,0,pieza,35,SMAE 2014,SMAE2014:CEREALES_CON_GRASA:200
Wafle miniatura,,280,7.5,40.75,9.75,22.5,0,pieza,20,SMAE 2014,SMAE2014:CEREALES_CON_GRASA:201
Whisky,,250.9091,0,0.1818,0,0,0,ml,1,SMAE 2014,SMAE2014:BEBIDAS_ALCOHOLICAS:39
Xoconostle,,25.3521,0.1408,5.2113,0.4225,2.2535,0,pieza,23.67,SMAE 2014,SMAE2014:VERDURAS:149
Xocoyol,,24.8889,0.2222,6.6222,0.0889,1.2889,0,,,SMAE 2014,SMAE2014:FRUTAS:223
Yema,,317.6471,15.8824,3.5294,26.4706,0,0,pieza,17,SMAE 2014,SMAE2014:A_O_A_ALTO_EN_GRASA:145
Yema de huevo,,317.6471,15.8824,3.5294,26.4706,0,0,pieza,17,SMAE 2014,SMAE2014:A_O_A_ALTO_EN_GRASA:146
Yema de huevo en polvo,,686.6667,35.3333,4,57.3333,0,0,cucharada,5,SMAE 2014,SMAE2014:A_O_A_ALTO_EN_GRASA:147
Yemitas (hongos) crudas,,16.875,3,4,1.0625,2.25,0,taza,80,SMAE 2014,SMAE2014:VERDURAS:150
Yerbamora cruda,,51.2195,4.878,8.7805,0.7317,1.4634,0,,,SMAE 2014,SMAE2014:VERDURAS:151
Yoghur,,61.2335,3.4802,4.6696,3.2599,0,0,taza,227,SMAE 2014,SMAE2014:LECHE_ENTERA:36
Yoghur Activia de Ciruela Pasa,,103,3.1,15.45,3.2,0,0,vasito,150,SMAE 2014,SMAE2014:LECHE_CON_AZUCAR:54
Yoghur bajo en grasa,,110.6667,3.6,21.3333,1.0667,0,0,taza,225,SMAE 2014,SMAE2014:LECHE_DESCREMADA:26
Yoghur bebible sabor durazno,,67.8788,2.3939,12.3939,0.697,0,0,pieza,165,SMAE 2014,SMAE2014:LECHE_CON_AZUCAR:55
Yoghur bebible sabor fresa,,67.8788,2.3939,12.3939,0.697,0,0,pieza,165,SMAE 2014,SMAE2014:LECHE_CON_AZUCAR:56
Yoghur bebible sabor piña colada,,67.8788,2.3939,12.3939,0.697,0,0,pieza,165,SMAE 2014,SMAE2014:LECHE_CON_AZUCAR:57
Yoghur de café,,100,4.7222,18.2222,1.1667,0,0,taza,240,SMAE 2014,SMAE2014:LECHE_CON_AZUCAR:58
Yoghur de fruta,,111.6667,4.7222,18.8333,1.7778,0,0,taza,240,SMAE 2014,SMAE2014:LECHE_CON_AZUCAR:59
Yoghur de soya,,93.8889,3.5,15.9444,1.7778,0,0,taza,180,SMAE 2014,SMAE2014:LECHE_CON_AZUCAR:67
Yoghur de vainilla,,111.6667,4.7222,18.8333,1.7778,0,0,taza,240,SMAE 2014,SMAE2014:LECHE_CON_AZUCAR:60
Yoghur Lala batido,,96.8085,3.2979,15.9574,2.3404,0,0,pieza,125.33,SMAE 2014,SMAE2014:LECHE_CON_AZUCAR:61
Yoghur Lala batido,,96.8,3.28,16,2.32,0,0,pieza,125,SMAE 2014,SMAE2014:LECHE_ENTERA:37
Yoghur Lala bebible frutas,,78,2.2,8,1.6,0,0,pieza,250,SMAE 2014,SMAE2014:LECHE_CON_AZUCAR:62
Yoghur Lala Light batido,,47.8723,3.883,7.6596,0.2128,0,0,pieza,125.33,SMAE 2014,SMAE2014:LECHE_DESCREMADA:27
Yoghur Lala Light bebible,,34,2.92,5.2,0.2,0,0,pieza,250,SMAE 2014,SMAE2014:LECHE_DESCREMADA:28
Yoghur Lala Siluette Plus de fruta,,34,2.92,5.2,0.2,0,0,pieza,250,SMAE 2014,SMAE2014:LECHE_DESCREMADA:29
Yoghur Lala Vive con fibra,,82.3529,3.4902,13.0196,2.4706,0,0,vasito,170,SMAE 2014,SMAE2014:LECHE_CON_AZUCAR:63
Yoghur Lala Vive con fibra,,93.3333,3.9333,14.7333,2.8,0,0,vasito,150,SMAE 2014,SMAE2014:LECHE_ENTERA:38
Yoghur Lala Vive con fribra 0%,,36,2.6,6.4,0.2,0,0,pieza,250,SMAE 2014,SMAE2014:LECHE_DESCREMADA:30
Yoghur Lala Vive deslactosada,,78,2.2,13.8,1.6,0,0,pieza,250,SMAE 2014,SMAE2014:LECHE_CON_AZUCAR:64
Yoghur Lala Vive sin colesterol con Menoscol,,74,2.72,14.92,0.4,0,0,pieza,250,SMAE 2014,SMAE2014:LECHE_CON_AZUCAR:65
Yoghur light,,52.7778,3.5556,8.8333,0,0,0,taza,240,SMAE 2014,SMAE2014:LECHE_DESCREMADA:31
Yoghur light de fruta,,52.7778,2.9444,9.3889,0,0,0,taza,240,SMAE 2014,SMAE2014:LECHE_DESCREMADA:32
Yoghur natural,,61.2335,3.4802,4.6696,3.2599,0,0,taza,227,SMAE 2014,SMAE2014:LECHE_ENTERA:39
Yoghur para beber con fruta BAJA EN CALORIAS,,32,2.2,5.6,0,0,0,pieza,250,SMAE 2014,SMAE2014:LECHE_DESCREMADA:33
Yoghur para beber sabor fresa,,69.0096,1.885,11.9808,1.5974,0,0,pieza,250.4,SMAE 2014,SMAE2014:LECHE_CON_AZUCAR:66
Yuca,,120,1,28,0.6667,1.1667,0,pieza,240,SMAE 2014,SMAE2014:CEREALES_SIN_GRASA:354
Yuquilla,,52.7132,4.1085,9.6124,0,1.1628,0,,,SMAE 2014,SMAE2014:CEREALES_SIN_GRASA:355
Zanahoria miniatura cruda,,35,0.6667,8.1667,0.1667,2.8333,0,pieza,15,SMAE 2014,SMAE2014:VERDURAS:152
Zanahoria picada cruda,,40.625,0.9375,6.7188,0.3125,2.8125,0,taza,128,SMAE 2014,SMAE2014:VERDURAS:153
Zanahoria rallada cruda,,41.8182,0.9091,7.4545,0.1818,2.7273,0,taza,110,SMAE 2014,SMAE2014:VERDURAS:154
Zapote,,133.3333,2.1569,33.5294,0.5882,2.549,0,pieza,204,SMAE 2014,SMAE2014:FRUTAS:224
Zapote amarillo,,78.7234,1.1702,20,0.5319,1.0638,0,pieza,188,SMAE 2014,SMAE2014:FRUTAS:225
Zapote blanco,,70.4348,1.7391,16.087,0.6957,1.2174,0,pieza,230,SMAE 2014,SMAE2014:FRUTAS:226
Zapote borracho,,140,1.3333,36.2222,0.8889,1.1111,0,pieza,180,SMAE 2014,SMAE2014:FRUTAS:227
Zapote negro,,55.914,0.7527,14.5161,0.1075,1.1828,0,pieza,186,SMAE 2014,SMAE2014:FRUTAS:228
Zapote negro limpio,,55.6522,0.7826,14.5217,0.087,1.2174,0,taza,230,SMAE 2014,SMAE2014:FRUTAS:229
Zarzamora,,52.0833,0.6944,12.7778,0.625,4.0972,0,taza,144,SMAE 2014,SMAE2014:FRUTAS:230
Zarzamora congelada sin azúcar,,64.4737,1.1842,15.6579,0.3947,5,0,taza,152,SMAE 2014,SMAE2014:FRUTAS:231
Zarzamora en almibar,,92.1875,1.4063,23.125,0.1563,3.4375,0,taza,256,SMAE 2014,SMAE2014:FRUTAS:232
